Alice Training On size: w=5, h=5, c=3
batch,num_episodes,win_rate,min_score,avg_score,max_score,avg_length,actor_loss,value_loss,entropy_loss
100,1337,0.1653,-10.0000,-6.6941,10.0000,7.4794,-0.437261,4.247883,-0.031224
200,1283,0.1839,-10.0000,-6.3211,10.0000,7.7950,0.156306,5.109143,-0.026487
300,1280,0.1875,-10.0000,-6.2500,10.0000,7.8109,0.119447,3.944786,-0.027147
400,1169,0.2729,-10.0000,-4.5423,10.0000,8.5518,-0.008292,5.324225,-0.018367
500,1069,0.4256,-10.0000,-1.4874,10.0000,9.3592,-0.079362,3.780480,-0.011368
600,978,0.5828,-10.0000,1.6564,10.0000,10.2198,-0.263999,3.125295,-0.009342
700,965,0.6197,-10.0000,2.3938,10.0000,10.3637,0.019487,2.876553,-0.008832
800,954,0.6174,-10.0000,2.3480,10.0000,10.4790,-0.027242,2.656042,-0.007000
900,940,0.6521,-10.0000,3.0426,10.0000,10.6362,-0.000251,4.226346,-0.008836
1000,957,0.6092,-10.0000,2.1839,10.0000,10.4566,-0.026361,2.321773,-0.007514
1100,941,0.6429,-10.0000,2.8587,10.0000,10.6196,-0.072510,1.817330,-0.008503
1200,950,0.6537,-10.0000,3.0737,10.0000,10.5316,0.066999,4.225810,-0.007335
1300,954,0.6478,-10.0000,2.9560,10.0000,10.4832,0.044021,1.050361,-0.007202
1400,957,0.6290,-10.0000,2.5810,10.0000,10.4472,0.119912,0.892621,-0.007578
1500,973,0.6177,-10.0000,2.3535,10.0000,10.2754,-0.004874,0.857190,-0.007387
1600,971,0.6210,-10.0000,2.4202,10.0000,10.2935,0.021612,2.589154,-0.006696
1700,927,0.6818,-10.0000,3.6354,10.0000,10.7983,0.037731,0.696571,-0.007717
1800,959,0.6361,-10.0000,2.7216,10.0000,10.4192,0.138556,3.240394,-0.008263
1900,937,0.6766,-10.0000,3.5326,10.0000,10.6798,-0.126115,2.186753,-0.007472
2000,943,0.6660,-10.0000,3.3192,10.0000,10.6023,0.001284,2.209898,-0.007209
2100,949,0.6502,-10.0000,3.0032,10.0000,10.5406,0.081106,2.674876,-0.009172
2200,929,0.6921,-10.0000,3.8428,10.0000,10.7632,-0.031797,1.781252,-0.008700
2300,932,0.6835,-10.0000,3.6695,10.0000,10.7296,0.014861,3.160463,-0.005914
2400,929,0.6642,-10.0000,3.2831,10.0000,10.7621,0.047296,1.964673,-0.008019
2500,933,0.6827,-10.0000,3.6549,10.0000,10.7203,0.034542,2.035137,-0.007348
2600,927,0.6785,-10.0000,3.5707,10.0000,10.7789,0.065538,3.470654,-0.006640
2700,937,0.6809,-10.0000,3.6179,10.0000,10.6766,0.041257,0.872792,-0.007262
2800,933,0.6752,-10.0000,3.5048,10.0000,10.7149,-0.166780,5.468473,-0.008410
2900,948,0.6477,-10.0000,2.9536,10.0000,10.5591,-0.047486,0.060667,-0.008211
3000,934,0.6756,-10.0000,3.5118,10.0000,10.7013,-0.019604,0.358470,-0.009028
3100,926,0.6901,-10.0000,3.8013,10.0000,10.7937,-0.084814,0.968601,-0.009344
3200,934,0.6713,-10.0000,3.4261,10.0000,10.7163,0.076373,3.754608,-0.009393
3300,927,0.6893,-10.0000,3.7864,10.0000,10.7864,-0.130158,3.825754,-0.008709
3400,928,0.6853,-10.0000,3.7069,10.0000,10.7769,-0.031044,1.852128,-0.009053
3500,937,0.6820,-10.0000,3.6393,10.0000,10.6606,-0.012831,1.543646,-0.009038
3600,930,0.6968,-10.0000,3.9355,10.0000,10.7624,-0.072315,2.983804,-0.007743
3700,950,0.6737,-10.0000,3.4737,10.0000,10.5179,-0.076958,2.618642,-0.009751
3800,922,0.7082,-10.0000,4.1649,10.0000,10.8460,0.154073,2.979918,-0.009620
3900,949,0.6828,-10.0000,3.6565,10.0000,10.5374,0.004781,1.794774,-0.008253
4000,936,0.7019,-10.0000,4.0385,10.0000,10.6870,0.095794,0.727412,-0.008762
4100,945,0.6847,-10.0000,3.6931,10.0000,10.5862,-0.147336,2.173928,-0.008483
4200,932,0.6985,-10.0000,3.9700,10.0000,10.7232,0.069712,1.198486,-0.007529
4300,925,0.7103,-10.0000,4.2054,10.0000,10.8195,0.080685,2.551118,-0.010077
4400,940,0.7021,-10.0000,4.0426,10.0000,10.6394,-0.131655,1.165631,-0.008713
4500,911,0.7300,-10.0000,4.5993,10.0000,10.9649,0.072546,1.212354,-0.009065
4600,918,0.7298,-10.0000,4.5969,10.0000,10.9041,-0.090764,3.246271,-0.007542
4700,921,0.7275,-10.0000,4.5494,10.0000,10.8567,0.129816,1.609715,-0.009900
4800,928,0.7091,-10.0000,4.1810,10.0000,10.7705,0.022781,2.060360,-0.008879
4900,934,0.7024,-10.0000,4.0471,10.0000,10.7045,0.126766,1.433077,-0.008423
5000,928,0.7091,-10.0000,4.1810,10.0000,10.7834,0.102338,1.763390,-0.009899
5100,935,0.7070,-10.0000,4.1390,10.0000,10.6973,-0.090521,0.252781,-0.010819
5200,922,0.7234,-10.0000,4.4685,10.0000,10.8460,0.042922,2.043453,-0.008824
5300,910,0.7363,-10.0000,4.7253,10.0000,10.9824,0.032434,1.189837,-0.009600
5400,929,0.7137,-10.0000,4.2734,10.0000,10.7621,0.000900,1.048042,-0.009256
5500,927,0.7282,-10.0000,4.5631,10.0000,10.7940,0.086651,0.978810,-0.008882
5600,924,0.7143,-10.0000,4.2857,10.0000,10.8214,-0.027549,1.278392,-0.010459
5700,914,0.7330,-10.0000,4.6608,10.0000,10.9431,0.208966,3.055705,-0.009209
5800,935,0.7037,-10.0000,4.0749,10.0000,10.6888,0.047864,1.001411,-0.008449
5900,929,0.7061,-10.0000,4.1227,10.0000,10.7675,0.112308,2.983208,-0.008776
6000,929,0.7040,-10.0000,4.0797,10.0000,10.7621,-0.186496,1.727596,-0.008975
6100,919,0.7388,-10.0000,4.7769,10.0000,10.8836,0.080118,0.710654,-0.008169
6200,917,0.7296,-10.0000,4.5911,10.0000,10.8997,0.000647,1.422845,-0.008790
6300,908,0.7456,-10.0000,4.9119,10.0000,11.0220,0.206151,2.324993,-0.009701
6400,907,0.7519,-10.0000,5.0386,10.0000,11.0243,-0.100445,1.783012,-0.008360
6500,898,0.7550,-10.0000,5.1002,10.0000,11.1314,0.038487,2.992996,-0.008585
6600,903,0.7553,-10.0000,5.1052,10.0000,11.0808,0.129719,2.274798,-0.008188
6700,941,0.6971,-10.0000,3.9426,10.0000,10.6281,0.004062,3.524070,-0.007955
6800,931,0.6992,-10.0000,3.9850,10.0000,10.7401,-0.034500,1.912183,-0.006897
6900,915,0.7169,-10.0000,4.3388,10.0000,10.9290,0.076299,0.175372,-0.008501
7000,934,0.7099,-10.0000,4.1970,10.0000,10.6949,-0.050207,1.602577,-0.008790
7100,914,0.7407,-10.0000,4.8140,10.0000,10.9409,0.036438,4.877302,-0.008121
7200,931,0.7186,-10.0000,4.3716,10.0000,10.7497,0.012212,0.586972,-0.007978
7300,925,0.7232,-10.0000,4.4649,10.0000,10.8141,-0.116645,0.048425,-0.007908
7400,918,0.7320,-10.0000,4.6405,10.0000,10.8911,0.031179,2.332535,-0.008949
7500,911,0.7431,-10.0000,4.8628,10.0000,10.9704,0.018340,1.099614,-0.009909
7600,914,0.7298,-10.0000,4.5952,10.0000,10.9420,0.058897,3.200888,-0.008259
7700,909,0.7217,-10.0000,4.4334,10.0000,10.9989,0.099909,3.269361,-0.008718
7800,923,0.7205,-10.0000,4.4095,10.0000,10.8342,-0.012346,0.747407,-0.009588
7900,927,0.7141,-10.0000,4.2826,10.0000,10.7940,-0.120213,1.730087,-0.009115
8000,918,0.7298,-10.0000,4.5969,10.0000,10.8954,-0.034743,1.480925,-0.009444
8100,904,0.7412,-10.0000,4.8230,10.0000,11.0520,0.054609,1.551468,-0.008859
8200,919,0.7301,-10.0000,4.6028,10.0000,10.8879,0.172221,2.478813,-0.008701
8300,897,0.7581,-10.0000,5.1616,10.0000,11.1472,0.013507,2.201598,-0.009795
8400,907,0.7420,-10.0000,4.8401,10.0000,11.0276,0.037349,2.188222,-0.009103
8500,929,0.7201,-10.0000,4.4026,10.0000,10.7557,0.055562,1.016036,-0.008550
8600,901,0.7547,-10.0000,5.0943,10.0000,11.0999,-0.306411,1.737622,-0.009389
8700,909,0.7448,-10.0000,4.8955,10.0000,11.0000,0.083693,2.187423,-0.010291
8800,920,0.7239,-10.0000,4.4783,10.0000,10.8739,0.094703,3.376796,-0.008373
8900,903,0.7564,-10.0000,5.1274,10.0000,11.0698,-0.053638,2.496083,-0.009823
9000,906,0.7318,-10.0000,4.6358,10.0000,11.0475,-0.042721,1.297692,-0.009980
9100,908,0.7346,-10.0000,4.6916,10.0000,11.0121,0.006016,2.262085,-0.010108
9200,893,0.7458,-10.0000,4.9160,10.0000,11.2016,-0.083065,3.732313,-0.008230
9300,922,0.7278,-10.0000,4.5553,10.0000,10.8373,0.032086,2.686119,-0.008812
9400,899,0.7553,-10.0000,5.1057,10.0000,11.1279,-0.031494,1.207790,-0.011582
9500,911,0.7278,-10.0000,4.5554,10.0000,10.9715,0.108180,0.696494,-0.010816
9600,892,0.7646,-10.0000,5.2915,10.0000,11.2220,0.203095,1.837277,-0.009189
9700,893,0.7436,-10.0000,4.8712,10.0000,11.1982,0.135697,2.169377,-0.008661
9800,916,0.7085,-10.0000,4.1703,10.0000,10.9116,0.068751,3.930501,-0.008650
9900,911,0.7234,-10.0000,4.4676,10.0000,10.9726,0.010418,1.656820,-0.010163
10000,32,0.0312,-10.0000,-9.3750,10.0000,3.1250,0.004041,13.598898,-0.010281
10100,3236,0.0256,-10.0000,-9.4870,10.0000,3.0893,-0.129517,2.301690,-0.008398
10200,3209,0.0274,-10.0000,-9.4515,10.0000,3.1165,-0.072121,1.130432,-0.008212
10300,3097,0.0345,-10.0000,-9.3090,10.0000,3.2296,-0.156783,2.728558,-0.008947
10400,3146,0.0280,-10.0000,-9.4406,10.0000,3.1771,-0.022685,0.561235,-0.010100
10500,3162,0.0294,-10.0000,-9.4118,10.0000,3.1641,-0.096586,0.755417,-0.008456
10600,3099,0.0348,-10.0000,-9.3030,10.0000,3.2262,-0.066832,1.769137,-0.007547
10700,3096,0.0368,-10.0000,-9.2636,10.0000,3.2300,-0.240361,1.891271,-0.008282
10800,3039,0.0401,-10.0000,-9.1971,10.0000,3.2909,0.126580,0.186215,-0.007851
10900,3064,0.0366,-10.0000,-9.2689,10.0000,3.2634,0.156626,0.110124,-0.007865
11000,3062,0.0376,-10.0000,-9.2489,10.0000,3.2665,-0.003004,1.089200,-0.009454
11100,3129,0.0310,-10.0000,-9.3800,10.0000,3.1946,0.071114,2.056747,-0.008713
11200,3051,0.0413,-10.0000,-9.1740,10.0000,3.2779,-0.159670,0.832646,-0.009427
11300,3019,0.0467,-10.0000,-9.0659,10.0000,3.3133,-0.038243,0.628127,-0.007654
11400,3090,0.0379,-10.0000,-9.2427,10.0000,3.2362,-0.049897,0.096233,-0.006277
11500,3042,0.0398,-10.0000,-9.2045,10.0000,3.2863,-0.047756,0.859641,-0.007781
11600,3134,0.0325,-10.0000,-9.3491,10.0000,3.1914,0.100559,0.180500,-0.006906
11700,3017,0.0444,-10.0000,-9.1117,10.0000,3.3139,0.104943,0.203319,-0.007518
11800,3057,0.0389,-10.0000,-9.2215,10.0000,3.2712,0.050522,1.616425,-0.008448
11900,3015,0.0421,-10.0000,-9.1575,10.0000,3.3171,0.131844,0.168177,-0.007840
12000,3034,0.0425,-10.0000,-9.1496,10.0000,3.2966,-0.129024,2.065872,-0.007606
12100,3093,0.0391,-10.0000,-9.2176,10.0000,3.2331,-0.019090,1.190709,-0.006084
12200,3021,0.0460,-10.0000,-9.0798,10.0000,3.3095,0.062711,1.638885,-0.008036
12300,3003,0.0466,-10.0000,-9.0676,10.0000,3.3307,-0.129409,1.401599,-0.008773
12400,3029,0.0409,-10.0000,-9.1812,10.0000,3.3008,0.145695,0.569750,-0.007810
12500,2984,0.0456,-10.0000,-9.0885,10.0000,3.3509,0.024377,1.361232,-0.008290
12600,3045,0.0381,-10.0000,-9.2381,10.0000,3.2847,-0.174644,1.854234,-0.009203
12700,3002,0.0446,-10.0000,-9.1073,10.0000,3.3308,0.078276,1.388370,-0.009058
12800,2953,0.0501,-10.0000,-8.9976,10.0000,3.3854,-0.091224,0.724800,-0.010182
12900,2877,0.0601,-10.0000,-8.7974,10.0000,3.4758,-0.206649,2.436516,-0.008199
13000,2860,0.0636,-10.0000,-8.7273,10.0000,3.4983,-0.028472,2.496605,-0.007993
13100,2833,0.0628,-10.0000,-8.7434,10.0000,3.5288,-0.106902,2.495602,-0.007781
13200,2802,0.0689,-10.0000,-8.6224,10.0000,3.5700,0.004782,2.797986,-0.008751
13300,2746,0.0725,-10.0000,-8.5506,10.0000,3.6406,-0.109052,2.084419,-0.007803
13400,2816,0.0685,-10.0000,-8.6293,10.0000,3.5518,-0.082797,2.479855,-0.007574
13500,2768,0.0679,-10.0000,-8.6416,10.0000,3.6127,-0.117304,2.461548,-0.011424
13600,2696,0.0812,-10.0000,-8.3754,10.0000,3.7088,-0.045431,1.573783,-0.008727
13700,2721,0.0812,-10.0000,-8.3756,10.0000,3.6751,-0.040236,2.458994,-0.007999
13800,2684,0.0842,-10.0000,-8.3159,10.0000,3.7258,0.042071,1.782993,-0.008521
13900,2742,0.0784,-10.0000,-8.4318,10.0000,3.6473,-0.015400,0.686040,-0.007369
14000,2666,0.0855,-10.0000,-8.2896,10.0000,3.7509,-0.005009,1.341912,-0.007970
14100,2726,0.0836,-10.0000,-8.3272,10.0000,3.6680,0.078632,0.140576,-0.007937
14200,2566,0.0974,-10.0000,-8.0514,10.0000,3.8979,0.105156,1.606527,-0.009759
14300,2507,0.0973,-10.0000,-8.0535,10.0000,3.9872,-0.139409,2.512253,-0.008063
14400,2455,0.1051,-10.0000,-7.8982,10.0000,4.0717,-0.052918,1.908172,-0.007842
14500,2411,0.1087,-10.0000,-7.8266,10.0000,4.1460,-0.067946,2.325751,-0.008456
14600,2374,0.1184,-10.0000,-7.6327,10.0000,4.2123,-0.164937,2.477482,-0.008682
14700,2364,0.1201,-10.0000,-7.5973,10.0000,4.2348,-0.098922,1.890066,-0.008644
14800,2384,0.1216,-10.0000,-7.5671,10.0000,4.1946,-0.115156,2.653742,-0.009391
14900,2455,0.1088,-10.0000,-7.8248,10.0000,4.0737,0.008591,1.542167,-0.008784
15000,2468,0.1062,-10.0000,-7.8768,10.0000,4.0494,0.020889,1.466155,-0.006909
15100,2688,0.0844,-10.0000,-8.3110,10.0000,3.7214,-0.035645,1.978935,-0.007149
15200,2387,0.1219,-10.0000,-7.5618,10.0000,4.1898,-0.024493,1.344442,-0.008089
15300,2372,0.1113,-10.0000,-7.7740,10.0000,4.2133,-0.021913,1.845454,-0.007560
15400,2385,0.1178,-10.0000,-7.6436,10.0000,4.1950,-0.015757,2.833145,-0.007800
15500,2495,0.0998,-10.0000,-8.0040,10.0000,4.0048,0.007106,2.660533,-0.007999
15600,2398,0.1159,-10.0000,-7.6814,10.0000,4.1731,-0.118082,3.287004,-0.008276
15700,2346,0.1228,-10.0000,-7.5448,10.0000,4.2639,0.004441,1.649834,-0.007848
15800,2340,0.1269,-10.0000,-7.4615,10.0000,4.2692,-0.177833,3.194940,-0.007879
15900,2305,0.1284,-10.0000,-7.4317,10.0000,4.3427,0.016258,2.013422,-0.007488
16000,2335,0.1302,-10.0000,-7.3961,10.0000,4.2818,0.019063,1.040764,-0.008479
16100,2350,0.1294,-10.0000,-7.4128,10.0000,4.2553,-0.056679,2.752762,-0.008207
16200,2317,0.1299,-10.0000,-7.4018,10.0000,4.3168,-0.017842,1.945628,-0.007834
16300,2394,0.1178,-10.0000,-7.6441,10.0000,4.1763,-0.174256,3.212330,-0.009001
16400,2323,0.1291,-10.0000,-7.4171,10.0000,4.3056,-0.035072,1.351749,-0.008485
16500,2418,0.1096,-10.0000,-7.8081,10.0000,4.1332,0.046821,1.706793,-0.008094
16600,2516,0.0962,-10.0000,-8.0763,10.0000,3.9769,-0.124634,2.637457,-0.009105
16700,2268,0.1398,-10.0000,-7.2046,10.0000,4.4092,0.060371,1.329454,-0.009228
16800,2382,0.1154,-10.0000,-7.6910,10.0000,4.1982,-0.214271,2.802075,-0.009333
16900,2306,0.1340,-10.0000,-7.3200,10.0000,4.3326,-0.047267,3.613589,-0.007882
17000,2299,0.1370,-10.0000,-7.2597,10.0000,4.3532,-0.023938,2.036278,-0.009233
17100,2324,0.1312,-10.0000,-7.3752,10.0000,4.3021,-0.021390,1.916947,-0.008936
17200,2322,0.1352,-10.0000,-7.2954,10.0000,4.3049,0.016926,3.718733,-0.007462
17300,2231,0.1470,-10.0000,-7.0596,10.0000,4.4854,-0.013214,1.818526,-0.008553
17400,2233,0.1451,-10.0000,-7.0981,10.0000,4.4760,0.034235,0.901596,-0.008497
17500,2262,0.1393,-10.0000,-7.2149,10.0000,4.4182,-0.190670,3.085425,-0.009251
17600,2329,0.1310,-10.0000,-7.3809,10.0000,4.2945,-0.044921,3.475568,-0.008406
17700,2319,0.1337,-10.0000,-7.3264,10.0000,4.3165,-0.148160,3.042767,-0.008526
17800,2243,0.1462,-10.0000,-7.0753,10.0000,4.4534,-0.027201,4.205595,-0.008460
17900,2178,0.1598,-10.0000,-6.8044,10.0000,4.5914,-0.065480,2.815294,-0.009219
18000,2188,0.1632,-10.0000,-6.7367,10.0000,4.5750,0.024122,2.547942,-0.008437
18100,2121,0.1787,-10.0000,-6.4262,10.0000,4.7152,-0.139190,2.877383,-0.008701
18200,2075,0.1894,-10.0000,-6.2120,10.0000,4.8145,-0.092687,2.906300,-0.010270
18300,2027,0.1983,-10.0000,-6.0335,10.0000,4.9378,0.048244,2.394878,-0.009532
18400,1949,0.2196,-10.0000,-5.6080,10.0000,5.1313,-0.063109,2.718292,-0.010469
18500,1951,0.2137,-10.0000,-5.7253,10.0000,5.1240,-0.012577,1.888181,-0.009923
18600,1890,0.2349,-10.0000,-5.3016,10.0000,5.2910,0.075464,3.021249,-0.009208
18700,1909,0.2321,-10.0000,-5.3588,10.0000,5.2336,-0.246642,3.400590,-0.010387
18800,1961,0.2167,-10.0000,-5.6655,10.0000,5.1045,-0.046332,2.369215,-0.008481
18900,1941,0.2195,-10.0000,-5.6105,10.0000,5.1530,0.104724,2.375343,-0.008660
19000,1812,0.2506,-10.0000,-4.9890,10.0000,5.5188,0.035446,2.858210,-0.009834
19100,1889,0.2329,-10.0000,-5.3415,10.0000,5.2906,0.121812,2.711675,-0.009766
19100,1988,0.2082,-10.0000,-5.8350,10.0000,5.0277,0.081489,2.361388,-0.008623
19200,1870,0.2455,-10.0000,-5.0909,10.0000,5.3497,-0.102819,3.062455,-0.009333
19300,1804,0.2555,-10.0000,-4.8891,10.0000,5.5377,-0.012927,2.442413,-0.009051
19400,1881,0.2392,-10.0000,-5.2153,10.0000,5.3222,-0.018675,2.696864,-0.009245
19500,1928,0.2293,-10.0000,-5.4149,10.0000,5.1857,0.002318,3.285715,-0.009123
19600,1940,0.2247,-10.0000,-5.5052,10.0000,5.1552,-0.005765,3.338273,-0.008920
19700,1956,0.2209,-10.0000,-5.5828,10.0000,5.1109,0.037720,2.172160,-0.010339
19800,1951,0.2189,-10.0000,-5.6228,10.0000,5.1276,-0.060640,2.706648,-0.009218
19900,1883,0.2379,-10.0000,-5.2416,10.0000,5.3107,0.027750,1.926763,-0.009243
20000,1917,0.2269,-10.0000,-5.4617,10.0000,5.2123,-0.004796,1.667501,-0.010218
20100,1865,0.2408,-10.0000,-5.1850,10.0000,5.3662,-0.026982,2.951646,-0.009429
20200,1867,0.2405,-10.0000,-5.1901,10.0000,5.3519,0.052844,3.059965,-0.008947
20300,1959,0.2190,-10.0000,-5.6202,10.0000,5.1082,0.025760,3.244773,-0.008775
20400,2093,0.1863,-10.0000,-6.2733,10.0000,4.7778,0.021258,1.959967,-0.009827
20500,1942,0.2168,-10.0000,-5.6643,10.0000,5.1478,0.046365,2.306129,-0.009990
20600,1985,0.2055,-10.0000,-5.8892,10.0000,5.0363,-0.040660,3.129019,-0.009764
20700,1886,0.2333,-10.0000,-5.3340,10.0000,5.3012,0.065368,3.961616,-0.010089
20800,1863,0.2389,-10.0000,-5.2228,10.0000,5.3671,0.036990,1.799474,-0.008081
20900,1828,0.2511,-10.0000,-4.9781,10.0000,5.4721,0.005471,2.124432,-0.009650
21000,1909,0.2326,-10.0000,-5.3483,10.0000,5.2420,0.036954,2.429753,-0.009156
21100,1924,0.2261,-10.0000,-5.4782,10.0000,5.1970,-0.120014,3.181453,-0.010168
21200,1926,0.2259,-10.0000,-5.4829,10.0000,5.1880,0.137419,2.682844,-0.010592
21300,1901,0.2336,-10.0000,-5.3288,10.0000,5.2646,-0.180298,3.228395,-0.009772
21400,1926,0.2269,-10.0000,-5.4621,10.0000,5.1921,-0.039771,2.451022,-0.009998
21500,1920,0.2234,-10.0000,-5.5312,10.0000,5.2078,0.138329,2.422958,-0.009718
21600,1927,0.2289,-10.0000,-5.4229,10.0000,5.1884,0.091596,3.650528,-0.008486
21700,1812,0.2599,-10.0000,-4.8013,10.0000,5.5210,0.017688,1.788921,-0.009950
21800,1909,0.2326,-10.0000,-5.3483,10.0000,5.2373,0.160210,2.156845,-0.011060
21900,1829,0.2537,-10.0000,-4.9262,10.0000,5.4625,0.103251,2.488944,-0.009309
22000,1870,0.2433,-10.0000,-5.1337,10.0000,5.3535,0.232900,2.458980,-0.009811
22100,1849,0.2515,-10.0000,-4.9703,10.0000,5.4083,-0.053524,2.430226,-0.011393
22200,1818,0.2563,-10.0000,-4.8735,10.0000,5.4945,-0.061837,1.404806,-0.008778
22300,1813,0.2565,-10.0000,-4.8704,10.0000,5.5163,0.080433,1.850266,-0.010488
22400,1843,0.2496,-10.0000,-5.0081,10.0000,5.4303,0.003145,2.481107,-0.009382
22500,1907,0.2307,-10.0000,-5.3854,10.0000,5.2417,0.067494,2.656725,-0.008504
22600,1826,0.2579,-10.0000,-4.8412,10.0000,5.4781,0.072813,3.218678,-0.007673
22700,1861,0.2477,-10.0000,-5.0457,10.0000,5.3740,-0.009438,1.970027,-0.010283
22800,1854,0.2449,-10.0000,-5.1025,10.0000,5.3948,0.005321,1.894990,-0.009626
22900,1925,0.2260,-10.0000,-5.4805,10.0000,5.1943,-0.074803,2.032778,-0.008995
23000,1898,0.2360,-10.0000,-5.2792,10.0000,5.2666,-0.099777,2.945264,-0.010935
23100,1892,0.2394,-10.0000,-5.2114,10.0000,5.2870,0.016867,1.879360,-0.010168
23200,1871,0.2432,-10.0000,-5.1363,10.0000,5.3453,0.211058,2.254348,-0.009305
23300,1856,0.2505,-10.0000,-4.9892,10.0000,5.3879,0.042927,1.527335,-0.008184
23400,1856,0.2425,-10.0000,-5.1509,10.0000,5.3852,0.231925,3.477740,-0.008375
23500,1854,0.2449,-10.0000,-5.1025,10.0000,5.3932,0.012661,3.593616,-0.008401
23600,1838,0.2486,-10.0000,-5.0272,10.0000,5.4429,0.149780,2.901045,-0.008736
23700,1910,0.2288,-10.0000,-5.4241,10.0000,5.2356,0.134891,2.752044,-0.007947
23800,1845,0.2493,-10.0000,-5.0136,10.0000,5.4206,-0.013593,2.673301,-0.009844
23900,1803,0.2634,-10.0000,-4.7310,10.0000,5.5469,-0.104917,2.999445,-0.010545
24000,1829,0.2564,-10.0000,-4.8715,10.0000,5.4680,-0.018191,3.639824,-0.009795
24100,1886,0.2365,-10.0000,-5.2704,10.0000,5.3017,-0.036815,2.000794,-0.010628
24200,1919,0.2277,-10.0000,-5.4455,10.0000,5.2116,0.046357,3.481998,-0.008448
24300,1886,0.2333,-10.0000,-5.3340,10.0000,5.3017,0.101266,2.064746,-0.009151
24400,1809,0.2554,-10.0000,-4.8922,10.0000,5.5279,-0.006320,2.316630,-0.010518
24500,1775,0.2704,-10.0000,-4.5915,10.0000,5.6327,0.136833,1.517936,-0.009628
24600,1872,0.2372,-10.0000,-5.2564,10.0000,5.3392,-0.005104,2.770720,-0.009007
24700,1828,0.2500,-10.0000,-5.0000,10.0000,5.4743,-0.089830,2.218693,-0.009067
24800,1870,0.2444,-10.0000,-5.1123,10.0000,5.3465,0.020797,3.174429,-0.008747
24900,1902,0.2303,-10.0000,-5.3943,10.0000,5.2545,-0.097493,4.335694,-0.008190
25000,1826,0.2547,-10.0000,-4.9069,10.0000,5.4775,0.293549,4.790924,-0.008697
25100,1854,0.2476,-10.0000,-5.0485,10.0000,5.3975,-0.017614,1.766305,-0.010502
25200,1838,0.2476,-10.0000,-5.0490,10.0000,5.4402,-0.101269,3.555285,-0.009814
25300,1817,0.2526,-10.0000,-4.9477,10.0000,5.5036,-0.112274,2.501494,-0.010005
25400,1763,0.2700,-10.0000,-4.6001,10.0000,5.6716,0.148957,2.740233,-0.007461
25500,1848,0.2527,-10.0000,-4.9459,10.0000,5.4107,0.027066,2.480059,-0.009483
25600,1794,0.2670,-10.0000,-4.6600,10.0000,5.5753,-0.006349,2.133653,-0.009263
