batch,num_episodes,win_rate,min_score,avg_score,max_score,avg_length,actor_loss,value_loss,entropy_loss
0,2,0.5000,-23.6000,-6.0000,11.6000,21.0000,0.149394,8.347863,-0.041998
100,226,0.2699,-29.2000,-13.3721,18.0000,22.1283,0.590974,0.616084,-0.039225
200,224,0.2768,-28.8000,-13.4509,18.2000,22.3214,-0.420182,0.563184,-0.038418
300,226,0.2611,-29.0000,-13.6942,19.4000,22.0575,-0.531464,0.931244,-0.036992
400,232,0.2845,-28.6000,-12.7091,18.7000,21.6293,0.555479,8.868470,-0.039662
500,224,0.2768,-29.6000,-13.6250,18.1000,22.2946,-0.253536,0.381535,-0.036566
600,233,0.3262,-29.6000,-11.2983,19.2000,21.5021,-0.013160,12.687775,-0.039471
700,225,0.2444,-30.3000,-14.2560,19.0000,22.1422,-0.204643,0.112643,-0.035118
800,233,0.3348,-29.8000,-10.9695,19.4000,21.4807,0.428670,0.524358,-0.036405
900,226,0.2788,-29.8000,-13.1885,19.2000,22.1372,-0.271100,9.482174,-0.038207
1000,222,0.2342,-28.1000,-14.8405,18.2000,22.5180,-0.183185,7.779764,-0.039630
1100,233,0.3476,-28.6000,-10.4142,18.8000,21.4549,-0.207852,7.812217,-0.037002
1200,227,0.2599,-28.8000,-13.6678,18.8000,22.0793,-0.051117,1.978911,-0.036363
1300,231,0.3247,-29.6000,-11.4502,19.4000,21.6017,-0.258098,0.769687,-0.036374
1400,226,0.2920,-29.1000,-12.6920,18.1000,22.1106,0.475451,0.059786,-0.036328
1500,224,0.2634,-30.3000,-13.9045,19.2000,22.3438,0.320062,3.441296,-0.037549
1600,223,0.2735,-29.0000,-13.6390,18.1000,22.4484,0.115257,0.783297,-0.037255
1700,231,0.3117,-28.6000,-11.5502,18.6000,21.6190,-0.416266,1.379128,-0.037284
1800,231,0.2944,-29.6000,-12.3225,18.4000,21.6753,-0.677271,1.042100,-0.036353
1900,225,0.2622,-28.8000,-13.7044,18.1000,22.2133,-0.505202,0.212921,-0.037265
2000,229,0.2882,-28.3000,-12.9004,18.4000,21.8079,0.227614,10.035103,-0.042113
2100,227,0.3216,-28.8000,-11.6595,17.8000,22.0573,0.136760,11.168905,-0.041576
2200,228,0.2851,-28.7000,-13.0667,18.1000,21.9342,-0.594813,1.047091,-0.037418
2300,226,0.2743,-29.3000,-13.2389,18.1000,22.0973,-0.060090,0.380619,-0.038209
2400,229,0.3100,-29.5000,-12.0690,18.3000,21.8603,-0.526933,0.631220,-0.037666
2500,232,0.3491,-30.1000,-10.5797,19.2000,21.4612,-0.511195,0.656923,-0.036965
2600,230,0.3261,-27.8000,-11.4422,18.8000,21.7957,-0.775280,0.819369,-0.038148
2700,229,0.2751,-30.6000,-13.2755,19.2000,21.8122,0.040908,6.094036,-0.040833
2800,226,0.2788,-30.3000,-12.9637,18.6000,22.1327,0.698380,0.164467,-0.038199
2900,230,0.2870,-28.5000,-12.5126,19.1000,21.7783,0.136282,11.927474,-0.042141
3000,229,0.2838,-29.3000,-12.7869,19.0000,21.8297,-0.415041,0.834773,-0.039109
3100,224,0.2723,-29.1000,-13.3826,18.6000,22.2366,0.189917,8.368424,-0.038419
3200,231,0.3506,-29.6000,-10.5684,18.9000,21.6970,0.104386,0.542796,-0.038462
3300,231,0.3290,-29.3000,-11.4797,19.2000,21.5931,-0.257834,0.619988,-0.036530
3400,226,0.2611,-29.6000,-13.8186,17.9000,22.1416,-0.484427,0.517996,-0.038017
3500,232,0.3147,-29.1000,-11.9086,19.2000,21.6078,0.290500,7.325049,-0.039619
3600,230,0.2913,-27.8000,-12.6061,19.6000,21.7609,-0.381821,10.399858,-0.038892
3700,230,0.3435,-28.5000,-11.1130,18.6000,21.6870,-0.279162,8.010155,-0.039070
3800,230,0.2957,-29.3000,-12.5752,18.8000,21.7783,-0.344825,0.734759,-0.038994
3900,227,0.2775,-30.1000,-13.3608,19.6000,22.0441,0.010049,0.215880,-0.036535
4000,229,0.2620,-28.0000,-13.4205,19.6000,21.8253,0.270298,1.044299,-0.038585
4100,231,0.3290,-29.1000,-10.9615,18.8000,21.6061,-0.371020,7.234218,-0.038994
4200,226,0.2611,-28.8000,-13.8000,19.4000,22.1062,-0.215262,0.236766,-0.037943
4300,231,0.2597,-30.0000,-13.5169,19.4000,21.6883,0.399683,7.362542,-0.038688
4400,229,0.2489,-30.3000,-14.3520,18.2000,21.8166,0.017340,7.908762,-0.042436
4500,226,0.2920,-29.3000,-12.7031,18.2000,22.1416,0.336245,0.090992,-0.038209
4600,225,0.3156,-28.8000,-12.2253,18.6000,22.1511,-0.081701,1.201174,-0.037043
4700,224,0.2545,-29.1000,-14.1482,17.7000,22.3839,-0.352086,14.458644,-0.040321
4800,227,0.2731,-29.5000,-13.2912,19.0000,22.0529,0.733078,0.234497,-0.038135
4900,227,0.2996,-28.3000,-12.5013,18.2000,22.0000,-0.574549,7.337187,-0.038079
5000,226,0.2522,-29.3000,-14.0137,18.6000,22.0841,-0.450560,5.728251,-0.039357
5100,226,0.2611,-28.6000,-13.7027,19.2000,22.1150,0.371022,0.375664,-0.037655
5200,229,0.3013,-29.3000,-12.4017,17.8000,21.8952,0.024430,14.211346,-0.039829
5300,233,0.2833,-28.3000,-12.6562,18.8000,21.4506,0.319447,7.230826,-0.040103
5400,233,0.3176,-30.1000,-11.5781,18.8000,21.4764,0.313468,7.371680,-0.038515
5500,227,0.2731,-29.2000,-13.1357,18.4000,22.0264,0.446672,0.273735,-0.038819
5600,229,0.2882,-29.3000,-12.8275,18.4000,21.8297,-0.824735,0.400211,-0.038731
5700,226,0.2478,-30.1000,-14.5447,19.6000,22.1195,-0.163241,8.116094,-0.039567
5800,225,0.2533,-28.6000,-13.9964,18.6000,22.1867,0.171857,6.685359,-0.042024
5900,230,0.3130,-29.9000,-11.9413,19.2000,21.7391,-0.047767,7.468046,-0.040353
6000,235,0.3319,-29.1000,-10.7217,19.0000,21.2383,-0.201082,3.618394,-0.039684
6100,227,0.2731,-28.8000,-13.1749,18.1000,22.0441,-0.123036,7.830536,-0.039558
6200,227,0.2775,-29.3000,-13.2326,18.4000,22.0661,-0.330880,7.986367,-0.039244
6300,233,0.3820,-30.3000,-9.5137,18.6000,21.3948,-0.465043,0.582577,-0.037375
6400,234,0.3376,-29.1000,-11.0132,19.2000,21.3718,-0.356579,3.551042,-0.038350
6500,230,0.3043,-28.7000,-12.1004,19.4000,21.7348,0.333738,5.188348,-0.039168
6600,231,0.3290,-29.0000,-11.3329,19.0000,21.7143,0.665074,0.401052,-0.038419
6700,227,0.3172,-28.1000,-11.6661,18.0000,21.9736,-0.254214,8.587476,-0.038699
6800,230,0.2609,-29.6000,-13.5587,18.8000,21.7696,-0.516732,15.070798,-0.041669
6900,225,0.2489,-28.6000,-14.1747,18.4000,22.2000,0.129571,8.599218,-0.039703
7000,228,0.2939,-28.6000,-12.5070,18.2000,21.9518,-0.048219,8.110340,-0.041370
7100,231,0.3247,-29.6000,-11.3909,19.0000,21.6883,-0.148411,8.543972,-0.039080
7200,228,0.2895,-29.6000,-12.8531,18.8000,21.8947,0.174445,7.820718,-0.041975
7300,229,0.2882,-30.0000,-12.7812,18.6000,21.8297,0.519543,0.265213,-0.038469
7400,229,0.2838,-30.3000,-12.8729,18.4000,21.8341,-0.047726,6.826183,-0.040786
7500,236,0.3178,-28.1000,-11.1343,19.2000,21.2331,-0.557779,1.365575,-0.036564
7600,225,0.2400,-28.8000,-14.4844,18.1000,22.1867,0.063490,8.572738,-0.042663
7700,231,0.3247,-29.1000,-11.4797,18.6000,21.6797,-0.482778,0.994667,-0.036616
7800,231,0.3247,-29.1000,-11.5260,18.4000,21.5931,0.153959,0.665037,-0.037911
7900,231,0.3377,-27.6000,-10.7879,19.4000,21.6537,0.151130,0.304945,-0.037816
8000,232,0.3319,-28.8000,-11.2336,19.0000,21.5474,0.005836,7.128786,-0.041899
8100,231,0.3203,-29.6000,-11.4974,19.2000,21.6320,-0.110739,6.229322,-0.040840
8200,229,0.3188,-29.1000,-11.9424,18.6000,21.7991,-0.897634,1.027400,-0.037669
8300,224,0.2589,-27.6000,-13.7643,17.6000,22.3438,0.206476,7.422823,-0.041405
8400,230,0.3000,-29.3000,-12.1309,19.2000,21.7652,-0.718512,15.155200,-0.042122
8500,228,0.3158,-28.8000,-12.0035,17.7000,21.8991,-0.311977,4.902958,-0.039401
8600,229,0.3057,-28.6000,-12.1463,18.8000,21.9127,0.272712,13.977545,-0.041530
8700,227,0.2731,-29.0000,-13.2405,18.6000,21.9824,-0.525154,0.629250,-0.037677
8800,230,0.3304,-28.6000,-11.3522,19.6000,21.7435,0.020400,0.551472,-0.038746
8900,227,0.2599,-30.0000,-13.8815,18.6000,21.9956,-0.572770,0.713330,-0.038224
9000,230,0.3087,-29.1000,-12.1239,17.8000,21.7348,0.209215,7.970209,-0.040445
9100,233,0.3090,-29.5000,-11.9618,19.6000,21.5021,0.367682,0.546794,-0.038340
9200,226,0.2345,-28.6000,-14.5796,18.3000,22.1460,0.269019,12.269462,-0.041972
9300,226,0.2566,-30.5000,-13.5602,18.2000,22.0708,-0.896352,0.846270,-0.038230
9400,228,0.3026,-28.6000,-12.1075,17.7000,21.9430,0.118080,0.259229,-0.038698
9500,224,0.2411,-29.1000,-14.2558,18.6000,22.2679,-0.378587,2.205867,-0.037587
9600,230,0.2696,-29.1000,-13.3509,18.8000,21.8000,0.198568,7.379720,-0.041071
9700,237,0.3460,-29.3000,-10.5380,19.6000,21.0802,0.017977,0.641728,-0.037700
9800,235,0.3362,-29.1000,-10.9983,19.6000,21.2809,-0.052435,6.903990,-0.041277
9900,230,0.3261,-28.8000,-11.3117,17.6000,21.7739,0.798684,0.099039,-0.038727
10000,2,0.0000,-25.1000,-24.7000,-24.3000,24.0000,0.093176,1.231564,-0.038593
10100,228,0.2500,-29.1000,-13.8750,19.4000,21.8465,-0.732149,0.968602,-0.037412
10200,230,0.3348,-29.3000,-11.2978,18.9000,21.7826,0.064251,8.038500,-0.041968
10300,230,0.2826,-29.3000,-12.6952,19.2000,21.7130,0.060502,7.986059,-0.040182
10400,234,0.3376,-28.6000,-10.8628,19.0000,21.4017,-0.511939,17.247274,-0.043635
10500,228,0.2982,-29.6000,-12.3425,19.0000,21.9035,-0.224123,8.518978,-0.039297
10600,228,0.2763,-28.8000,-13.0846,18.8000,21.9737,-0.328594,0.774680,-0.038530
10700,224,0.2455,-29.6000,-14.5451,19.2000,22.3036,-0.299609,1.048116,-0.038435
10800,229,0.3275,-29.8000,-11.5952,18.5000,21.8341,-0.181123,7.359628,-0.040841
10900,225,0.2533,-29.1000,-13.8658,19.0000,22.2089,0.284773,6.745256,-0.041636
11000,225,0.2311,-28.6000,-14.6289,18.0000,22.2578,0.297074,6.657987,-0.039217
11100,227,0.2952,-29.5000,-12.6599,19.0000,21.9780,0.107316,7.158538,-0.040247
11200,232,0.3233,-29.5000,-11.3272,18.6000,21.6078,-0.310320,0.914463,-0.038289
11300,231,0.3377,-28.8000,-10.8052,19.2000,21.5584,0.460980,0.135420,-0.038075
11400,231,0.3420,-29.6000,-10.8035,18.0000,21.6537,0.329239,6.625794,-0.040570
11500,225,0.2444,-28.5000,-14.4089,18.3000,22.2933,0.181349,0.710368,-0.039067
11600,225,0.2356,-28.3000,-14.4018,19.0000,22.1422,0.313913,7.003111,-0.039493
11700,232,0.3060,-29.5000,-11.9793,18.6000,21.6250,0.147416,0.796606,-0.038472
11800,228,0.2807,-29.1000,-13.1048,19.8000,21.8684,0.063120,0.672371,-0.038442
11900,229,0.3188,-29.8000,-11.9210,19.2000,21.8297,-0.157674,7.904683,-0.037718
12000,225,0.2756,-29.8000,-13.0849,18.8000,22.2444,-0.252277,0.889783,-0.038485
12100,232,0.3534,-29.3000,-10.4004,18.6000,21.5862,-0.200302,7.853826,-0.039764
12200,232,0.2974,-30.3000,-12.1483,19.4000,21.5259,0.756167,0.212498,-0.038032
12300,225,0.2889,-29.1000,-13.0000,18.2000,22.1956,0.041075,0.664773,-0.036937
12400,225,0.2578,-28.8000,-13.7240,18.8000,22.2800,0.096919,7.338030,-0.039558
12500,226,0.2522,-28.8000,-13.9951,18.2000,22.1372,0.277067,0.439759,-0.038309
12600,225,0.2444,-29.0000,-14.4529,19.0000,22.1689,-0.418013,0.979675,-0.038047
12700,225,0.2756,-29.3000,-13.4169,19.0000,22.2400,0.039131,0.202904,-0.038212
12800,228,0.2851,-30.1000,-13.0268,19.2000,21.9298,0.157823,7.556338,-0.041973
12900,227,0.2907,-29.6000,-12.9018,19.0000,22.0441,-0.452971,0.170573,-0.038272
13000,224,0.2634,-29.5000,-13.6598,18.4000,22.2545,-0.202580,8.360821,-0.037343
13100,227,0.3040,-28.8000,-12.4485,18.3000,22.0793,0.058592,0.464132,-0.037979
13200,227,0.2731,-29.6000,-13.4771,19.0000,22.0661,-0.116361,0.151828,-0.037094
13300,235,0.3574,-28.1000,-10.0153,19.4000,21.2255,-0.467708,15.064837,-0.042499
13400,229,0.3275,-29.6000,-11.2022,18.1000,21.8908,0.299733,8.069349,-0.038192
13500,229,0.3057,-30.0000,-12.0624,18.6000,21.7729,-0.046579,6.745131,-0.041054
13600,231,0.3160,-29.3000,-11.6407,18.8000,21.6537,-0.343728,17.035501,-0.043885
13700,230,0.3174,-29.8000,-11.9365,19.4000,21.7522,-0.715533,15.786761,-0.041919
13800,229,0.2838,-28.8000,-12.5694,18.2000,21.7991,-0.771827,0.644853,-0.037578
13900,228,0.2763,-28.8000,-13.0417,19.2000,21.9781,0.255445,13.063242,-0.042394
14000,229,0.3231,-29.3000,-11.4734,19.4000,21.8079,0.220424,13.843088,-0.042298
14100,228,0.2675,-29.6000,-13.4075,18.9000,21.9254,-0.064894,7.431238,-0.039920
14200,228,0.2807,-28.6000,-13.0487,19.0000,21.9649,0.082747,10.612064,-0.041820
14300,233,0.3305,-30.1000,-11.1536,19.0000,21.4249,-0.353715,1.104990,-0.037437
14400,227,0.3040,-29.0000,-12.2837,18.4000,22.0000,-0.307826,8.506282,-0.037909
14500,229,0.2664,-28.6000,-13.1817,19.2000,21.8690,-0.610219,0.776122,-0.037594
14600,232,0.3017,-28.8000,-12.1409,19.4000,21.5216,0.110967,17.550146,-0.045775
14700,225,0.2622,-29.1000,-13.8178,18.4000,22.2133,-0.181670,8.215489,-0.038231
14800,232,0.3233,-29.1000,-11.4155,18.8000,21.5862,-0.237286,7.222822,-0.039256
14900,234,0.3248,-29.1000,-11.7141,18.4000,21.4060,-0.886978,1.156945,-0.037608
15000,226,0.2611,-28.3000,-13.4973,19.2000,22.0796,-0.244424,6.582956,-0.039672
15100,233,0.3176,-29.3000,-11.5064,17.9000,21.4592,-0.604009,6.039375,-0.037965
15200,230,0.2783,-29.1000,-12.9135,18.3000,21.7826,-0.224411,0.345031,-0.038092
15300,228,0.3026,-28.8000,-12.0693,19.4000,21.8684,-0.390749,0.858552,-0.038276
15400,230,0.3043,-28.3000,-11.8274,19.4000,21.7174,0.192806,8.025818,-0.038207
15500,235,0.3234,-29.6000,-11.5834,18.6000,21.3532,-0.874897,0.997618,-0.037861
15600,227,0.2775,-28.8000,-13.0974,19.0000,22.0441,0.770095,0.156060,-0.036266
15700,222,0.2252,-29.3000,-15.2194,18.2000,22.4775,0.376074,12.587872,-0.041073
15800,234,0.3333,-29.1000,-10.7957,19.2000,21.3675,-0.191500,0.314923,-0.037628
15900,229,0.3013,-29.1000,-12.2017,18.3000,21.7817,-0.143626,2.757777,-0.037939
16000,234,0.3376,-29.6000,-10.8265,18.6000,21.4188,0.106693,7.254943,-0.041510
16100,226,0.2566,-28.1000,-13.5903,18.5000,22.1283,0.082137,9.257906,-0.040741
16200,231,0.2814,-29.8000,-12.7061,19.4000,21.5844,0.401609,7.217749,-0.037461
16300,230,0.2652,-29.6000,-13.6604,18.3000,21.8130,-0.140543,9.069919,-0.040026
16400,234,0.3333,-28.6000,-10.9607,19.2000,21.3077,-0.742035,0.127024,-0.037294
16500,228,0.2807,-29.3000,-13.0789,17.2000,22.0088,0.295360,6.911893,-0.037438
16600,227,0.2731,-29.1000,-13.0291,18.2000,21.9383,-0.038806,3.188560,-0.038385
16700,231,0.2987,-29.1000,-12.4701,18.6000,21.7403,0.192214,2.594351,-0.037333
16800,229,0.2707,-28.3000,-13.0004,19.0000,21.7642,-0.724257,0.908506,-0.037266
16900,236,0.3729,-29.5000,-9.7835,19.0000,21.2034,0.237202,7.038520,-0.040791
17000,226,0.2699,-29.3000,-13.3575,18.8000,22.0973,-0.181385,0.117205,-0.036607
17100,231,0.2857,-29.1000,-12.7896,18.8000,21.7056,0.200293,6.978697,-0.038149
17200,227,0.2599,-29.3000,-13.5868,18.6000,22.0088,0.061999,7.093033,-0.040181
17300,229,0.3100,-28.3000,-11.9961,19.0000,21.8166,-0.161932,7.959979,-0.039394
17400,229,0.2926,-28.3000,-12.6712,17.9000,21.7904,-0.152128,1.212518,-0.036870
17500,230,0.2652,-29.6000,-13.0848,18.6000,21.7565,0.219070,7.933475,-0.039232
17600,231,0.3074,-29.3000,-11.9939,18.8000,21.7143,-0.434908,19.986107,-0.042878
17700,229,0.2664,-29.3000,-13.3371,19.2000,21.8253,-0.515718,0.768825,-0.037307
17800,232,0.3448,-28.6000,-10.6728,18.4000,21.5302,-0.056280,8.687120,-0.040140
17900,228,0.2895,-29.8000,-12.7868,18.6000,21.9649,0.326018,7.711146,-0.037348
18000,230,0.2870,-29.5000,-12.7274,19.6000,21.7174,-0.273560,7.998754,-0.039807
18100,233,0.3219,-29.8000,-11.4403,19.0000,21.4850,0.437779,19.003069,-0.041953
18200,230,0.3217,-28.6000,-11.3213,18.6000,21.6870,-0.551818,0.810438,-0.037056
18300,228,0.2807,-29.5000,-13.1241,18.3000,21.9561,0.323060,6.537119,-0.038932
18400,228,0.2719,-29.1000,-13.3202,19.4000,21.9386,-0.549680,0.454224,-0.038250
18500,229,0.2838,-29.3000,-12.7983,18.8000,21.8472,0.338153,6.656121,-0.036912
18600,228,0.3246,-28.8000,-11.4627,19.0000,21.8421,-0.355086,0.607210,-0.036423
18700,229,0.2838,-28.6000,-12.8677,18.1000,21.8996,0.181827,7.060265,-0.039485
18800,232,0.3405,-30.2000,-10.8453,19.0000,21.5086,-0.062359,8.533865,-0.038669
18900,227,0.2643,-29.1000,-13.6057,19.0000,22.0529,-0.084057,8.418777,-0.039844
19000,225,0.2711,-30.3000,-13.5009,18.9000,22.1689,0.202485,13.174065,-0.041926
19100,229,0.2620,-30.1000,-13.6908,17.5000,21.8603,-0.772651,0.669658,-0.037966
19200,231,0.2987,-30.1000,-12.2537,18.6000,21.6580,-0.527518,0.347288,-0.037325
19300,233,0.3519,-29.8000,-10.4146,19.0000,21.4163,0.036677,13.018227,-0.041825
19400,235,0.3660,-29.3000,-10.0383,19.4000,21.3574,0.026479,11.817752,-0.040440
19500,233,0.3219,-28.3000,-11.5579,18.8000,21.4549,-0.264618,0.488720,-0.038295
19600,224,0.2321,-29.2000,-14.7768,19.2000,22.3170,-0.320570,0.572472,-0.038464
19700,230,0.2783,-29.3000,-13.0778,19.4000,21.7261,0.003396,0.366403,-0.038353
19800,231,0.2857,-29.1000,-12.6827,19.4000,21.6797,-0.037790,1.688277,-0.037769
19900,229,0.3275,-29.0000,-11.5624,19.4000,21.8166,-0.063457,10.099204,-0.039707
20000,2,1.0000,8.6000,11.6000,14.6000,22.5000,-0.908789,16.110842,-0.040517
20100,224,0.2589,-29.1000,-13.8911,18.4000,22.2723,0.069301,7.366598,-0.040067
20200,230,0.3000,-29.6000,-12.3243,19.2000,21.7826,-0.472757,1.268453,-0.037525
20300,226,0.2212,-29.1000,-15.2735,17.5000,22.1504,-0.331956,0.358571,-0.036024
20400,230,0.2913,-27.8000,-12.6091,19.2000,21.6565,-0.012815,7.733022,-0.038397
20500,235,0.3064,-29.3000,-11.9230,18.6000,21.3319,-0.192126,0.588011,-0.037784
20600,232,0.3233,-29.3000,-11.1694,19.0000,21.5560,-0.095232,1.129280,-0.037502
20700,229,0.2795,-28.8000,-13.0153,19.4000,21.8122,-0.001758,7.873257,-0.040301
20800,226,0.2699,-29.8000,-13.4681,18.4000,22.1637,-0.699844,0.422301,-0.037100
20900,228,0.3114,-29.3000,-11.8509,18.0000,21.8333,0.317358,0.448969,-0.036438
21000,231,0.2987,-29.3000,-12.4009,19.6000,21.7403,-0.187917,0.875182,-0.036807
21100,222,0.2432,-29.6000,-14.7986,19.0000,22.5090,0.061264,9.105445,-0.039031
21200,233,0.3476,-29.3000,-10.5519,19.2000,21.4378,-0.198917,7.365516,-0.038389
21300,229,0.2838,-29.3000,-12.9341,18.8000,21.8472,-0.575440,19.486166,-0.040679
21400,227,0.2687,-29.3000,-13.3965,18.6000,21.9956,-0.144840,8.234889,-0.037905
21500,225,0.2622,-30.0000,-13.8893,19.0000,22.2133,-0.013780,7.193323,-0.040062
21600,233,0.3176,-29.1000,-11.6193,18.9000,21.5021,-0.047488,0.474966,-0.037573
21700,235,0.3362,-29.1000,-10.9434,19.4000,21.2426,-0.105053,6.446390,-0.039967
21800,230,0.3130,-29.1000,-11.8887,19.2000,21.7348,0.628835,0.213934,-0.037470
21900,237,0.3333,-28.3000,-10.9865,18.4000,21.1308,0.073956,14.860627,-0.040092
22000,233,0.3133,-29.6000,-11.6468,19.0000,21.4249,0.223363,10.837232,-0.040826
22100,234,0.3162,-28.6000,-11.5380,18.5000,21.4274,-0.203367,1.659256,-0.036337
22200,233,0.3562,-28.3000,-10.2652,18.6000,21.3820,0.211808,7.656730,-0.038892
22300,235,0.3319,-28.7000,-10.9336,19.0000,21.2681,-0.866118,1.435382,-0.036214
22400,234,0.3291,-30.0000,-10.9944,18.4000,21.3846,-0.796389,1.359208,-0.036697
22500,233,0.3519,-29.8000,-10.4884,18.6000,21.5064,-0.229756,7.371322,-0.038242
22600,231,0.3203,-28.8000,-11.4255,18.0000,21.6104,0.401120,0.245568,-0.036680
22700,236,0.3475,-29.1000,-10.7318,19.0000,21.2119,0.028831,9.475597,-0.039521
22800,237,0.3713,-28.8000,-9.4781,18.5000,21.0886,-0.029872,7.811931,-0.039585
22900,228,0.2939,-28.8000,-12.5478,17.8000,21.9605,0.146939,0.580889,-0.037195
23000,229,0.2882,-28.6000,-12.7672,18.7000,21.8122,-0.418490,7.083454,-0.037757
23100,235,0.3447,-28.6000,-10.6396,19.0000,21.2213,-0.171810,4.668124,-0.037247
23200,235,0.3277,-28.6000,-11.2872,19.6000,21.2894,-0.292032,0.295591,-0.036346
23300,231,0.3117,-28.8000,-11.7320,18.5000,21.6623,0.102284,7.267390,-0.039988
23400,229,0.2795,-29.1000,-12.9066,18.8000,21.8734,-0.336781,0.606726,-0.037132
23500,229,0.3100,-30.1000,-11.9629,19.2000,21.7555,0.764486,0.171305,-0.036993
23600,231,0.3290,-28.3000,-11.3455,19.0000,21.7359,0.479056,5.908242,-0.037043
23700,236,0.2966,-29.1000,-11.8178,19.6000,21.1907,0.137324,7.932013,-0.036816
23800,232,0.3233,-29.8000,-11.5138,19.6000,21.5388,0.276193,7.710602,-0.038333
23900,226,0.2832,-29.5000,-13.1018,19.2000,22.0575,-0.565465,0.408237,-0.036747
24000,232,0.3190,-28.8000,-11.6151,18.4000,21.5690,0.746238,0.226001,-0.037604
24100,231,0.3247,-29.0000,-11.5126,19.6000,21.6190,0.372935,7.284397,-0.039258
24200,233,0.3176,-28.8000,-11.6429,19.6000,21.4635,0.069035,5.250828,-0.038303
24300,228,0.2719,-29.1000,-13.3978,18.2000,21.9649,-0.293361,0.333327,-0.037503
24400,231,0.2944,-29.0000,-12.6234,18.4000,21.6364,-0.790503,0.611437,-0.036522
24500,233,0.3004,-30.6000,-12.0558,19.4000,21.4549,-0.235323,5.654438,-0.038366
24600,239,0.3389,-30.0000,-10.5695,19.2000,20.9163,0.073274,7.136153,-0.040745
24700,234,0.3291,-28.6000,-10.9897,18.2000,21.3590,-0.620484,0.605889,-0.036428
24800,230,0.2913,-29.8000,-12.7139,18.0000,21.7913,-0.604234,7.610755,-0.036351
24900,233,0.3348,-30.1000,-10.8403,19.4000,21.4292,-0.083577,0.091894,-0.036205
25000,231,0.3247,-29.3000,-11.3437,18.2000,21.6797,-0.019152,0.793478,-0.036862
25100,231,0.3074,-29.0000,-11.7818,18.4000,21.6580,-0.721884,0.925377,-0.035208
25200,230,0.2739,-29.1000,-13.1404,18.8000,21.6609,0.185589,7.511788,-0.037905
25300,226,0.2434,-28.8000,-14.3319,18.5000,22.1681,-0.114258,0.775599,-0.035706
25400,235,0.3660,-28.6000,-9.8460,18.8000,21.2468,-0.442370,14.378384,-0.040226
25500,232,0.2802,-28.6000,-12.7284,19.2000,21.6034,0.233473,7.457182,-0.036359
25600,230,0.2957,-28.1000,-12.3830,19.2000,21.7565,0.013718,0.603503,-0.034243
25700,236,0.3856,-29.1000,-8.9013,19.0000,21.1864,0.056552,1.909664,-0.035998
25800,232,0.3233,-29.0000,-11.0888,19.6000,21.5259,0.346069,5.297735,-0.035832
25900,235,0.3277,-29.6000,-10.9366,18.8000,21.2553,0.257584,5.649789,-0.036704
26000,230,0.3000,-30.0000,-12.3465,19.2000,21.7391,-0.736994,0.381155,-0.035414
26100,238,0.3361,-28.8000,-10.6345,19.0000,21.0084,0.333263,0.113447,-0.035868
26200,233,0.3348,-29.0000,-10.7009,18.7000,21.4120,0.301880,7.757457,-0.036198
26300,236,0.3220,-29.2000,-11.2246,19.0000,21.2797,-0.165861,12.353128,-0.036996
26400,235,0.2851,-30.1000,-12.3583,19.4000,21.2043,0.326957,0.450363,-0.034842
26500,233,0.2918,-29.3000,-12.4983,18.3000,21.4592,0.162371,6.733929,-0.038097
26600,233,0.2961,-28.6000,-12.1506,19.2000,21.4807,0.227132,0.102516,-0.035324
26700,231,0.3030,-28.8000,-12.1013,19.2000,21.6926,0.167551,7.700788,-0.034663
26800,229,0.2969,-29.8000,-12.2620,18.8000,21.7380,0.180087,12.815313,-0.038384
26900,230,0.3043,-29.0000,-12.1543,19.0000,21.7696,0.280988,0.408249,-0.034094
27000,232,0.2888,-28.6000,-12.3056,19.0000,21.6121,-0.267909,9.226799,-0.035295
27100,232,0.3147,-29.5000,-11.6203,19.4000,21.4914,-0.344369,14.323771,-0.040133
27200,236,0.3220,-29.2000,-11.3780,19.2000,21.2542,0.501991,4.731855,-0.035137
27300,234,0.3248,-29.8000,-11.2684,19.0000,21.3504,-0.104694,8.063892,-0.036836
27400,228,0.2675,-29.1000,-13.4254,18.7000,21.8465,0.406287,6.778120,-0.034920
27500,235,0.3106,-30.1000,-11.7826,18.8000,21.3277,-0.109649,0.963941,-0.035290
27600,240,0.3708,-28.6000,-9.5829,19.6000,20.7833,-0.034260,3.125885,-0.034993
27700,228,0.2939,-28.5000,-12.7535,18.6000,21.9430,-0.415986,1.240998,-0.034553
27800,240,0.3750,-29.8000,-9.4029,19.4000,20.8833,0.202012,14.235995,-0.038401
27900,241,0.3734,-29.0000,-9.3461,19.4000,20.7635,-0.505369,0.209275,-0.035543
28000,237,0.3755,-29.1000,-9.7042,18.4000,21.0380,0.321911,0.706411,-0.035628
28100,231,0.2900,-29.1000,-12.8736,19.2000,21.7186,-0.428084,0.329440,-0.034390
28200,232,0.3233,-29.5000,-11.4836,19.0000,21.5129,0.115683,13.758279,-0.037601
28300,229,0.2795,-29.5000,-12.9891,19.0000,21.8210,-0.596305,1.523612,-0.034377
28400,235,0.3064,-29.3000,-12.0749,18.8000,21.2596,-0.469963,0.644312,-0.034861
28500,237,0.3586,-28.6000,-10.3072,18.2000,21.0928,-0.720128,0.943510,-0.034173
28600,233,0.2790,-28.6000,-12.8077,19.0000,21.5021,0.299535,4.070225,-0.035599
28700,237,0.3333,-29.8000,-10.9177,19.6000,21.0759,-0.351784,0.058896,-0.034994
28800,241,0.3610,-28.6000,-9.9311,19.2000,20.7510,0.203485,12.632713,-0.038321
28900,234,0.3376,-30.0000,-10.9705,18.6000,21.4017,0.574639,4.935050,-0.035561
29000,240,0.3625,-28.8000,-9.9125,18.8000,20.7542,-0.359617,3.202527,-0.034807
29100,237,0.3544,-28.8000,-10.0734,18.7000,21.1435,0.177183,6.258873,-0.037732
29200,231,0.2814,-29.5000,-12.9848,18.7000,21.5974,-0.368039,0.593027,-0.033432
29300,235,0.3149,-28.8000,-11.6498,19.0000,21.3362,-0.475459,0.399766,-0.034594
29400,242,0.3636,-29.8000,-9.7376,19.2000,20.6364,0.504140,14.328767,-0.038926
29500,232,0.2974,-29.3000,-12.1724,19.2000,21.5388,0.006022,0.136623,-0.034369
29600,233,0.2918,-29.1000,-12.2803,19.0000,21.4979,-0.246297,7.710618,-0.037979
29700,235,0.3021,-30.0000,-12.0098,19.2000,21.2468,0.848429,0.173451,-0.034870
29800,237,0.3671,-29.5000,-9.6890,19.2000,21.0759,0.849705,0.304496,-0.034965
29900,229,0.2707,-29.1000,-13.1795,19.2000,21.8603,0.013488,13.823258,-0.039251
