Bob Training On size: w=8, h=8, c=4
batch,num_episodes,win_rate,min_score,avg_score,max_score,avg_length,actor_loss,value_loss,entropy_loss
0,3,0.3333,-15.0000,-3.3333,20.0000,29.6667,0.533732,4.400062,-0.043528
100,350,0.2629,-15.0000,-7.8143,20.0000,28.5686,-0.040052,2.798168,-0.043696
200,356,0.3202,-15.0000,-6.1096,20.0000,28.1180,0.069618,3.612551,-0.043683
300,352,0.3097,-15.0000,-7.0170,20.0000,28.3523,0.114603,1.797314,-0.043984
400,346,0.2630,-15.0000,-7.6590,20.0000,28.9595,0.130066,1.157203,-0.040692
500,342,0.2602,-15.0000,-7.9971,20.0000,29.1988,-0.969225,0.465478,-0.040619
600,350,0.2771,-15.0000,-7.1857,20.0000,28.6086,-0.290765,0.239038,-0.040798
700,351,0.3134,-15.0000,-6.2536,20.0000,28.4103,-0.415933,4.490306,-0.040892
800,346,0.2688,-15.0000,-7.2399,20.0000,28.9653,0.722654,0.102706,-0.041505
900,348,0.2730,-15.0000,-7.5575,20.0000,28.6925,0.998728,0.222163,-0.039795
1000,353,0.3088,-15.0000,-6.4873,20.0000,28.3314,-0.914436,0.240945,-0.040788
1100,350,0.2943,-15.0000,-7.1000,20.0000,28.5600,-0.928446,0.217984,-0.040167
1200,342,0.2281,-15.0000,-8.6842,20.0000,29.2602,-0.285706,0.203606,-0.039690
1300,346,0.2514,-15.0000,-8.2370,20.0000,28.8873,0.623828,0.361477,-0.041032
1400,355,0.3324,-15.0000,-5.4366,20.0000,28.1690,-0.796763,0.187380,-0.040121
1500,353,0.3116,-15.0000,-6.5581,20.0000,28.3258,0.148030,0.495710,-0.042782
1600,356,0.3202,-15.0000,-6.1096,20.0000,28.0871,-1.089328,0.244336,-0.040212
1700,348,0.2586,-15.0000,-7.7155,20.0000,28.7414,-0.206199,0.981131,-0.041226
1800,355,0.2930,-15.0000,-7.1972,20.0000,28.1887,-0.279534,1.389850,-0.042385
1900,351,0.2707,-15.0000,-7.7066,20.0000,28.5185,-0.023263,0.083080,-0.040002
2000,355,0.2958,-15.0000,-6.8451,20.0000,28.1662,0.167101,2.589462,-0.044384
2100,350,0.2600,-15.0000,-8.0429,20.0000,28.5543,0.243016,1.461802,-0.041539
2200,348,0.2787,-15.0000,-7.5718,20.0000,28.7356,0.690261,0.256038,-0.040598
2300,358,0.3212,-15.0000,-5.8101,20.0000,27.9497,-0.338160,1.432848,-0.042647
2400,353,0.3201,-15.0000,-6.4306,20.0000,28.3258,-0.066217,1.178611,-0.041768
2500,355,0.3268,-15.0000,-5.3803,20.0000,28.1746,-0.011663,0.939413,-0.041703
2600,349,0.2951,-15.0000,-6.7765,20.0000,28.5903,-0.132397,2.690028,-0.040569
2700,359,0.3287,-15.0000,-5.8774,20.0000,27.8886,-0.502167,0.155588,-0.040681
2800,355,0.3155,-15.0000,-6.2394,20.0000,28.1718,-0.779496,0.103630,-0.041164
2900,352,0.3125,-15.0000,-6.4489,20.0000,28.3722,0.048768,2.763297,-0.040679
3000,351,0.2849,-15.0000,-6.9943,20.0000,28.5499,-0.311598,1.343758,-0.042154
3100,351,0.2792,-15.0000,-7.5356,20.0000,28.5100,0.252331,3.781315,-0.042959
3200,348,0.2787,-15.0000,-7.0977,20.0000,28.6552,-0.236093,1.414197,-0.040124
3300,349,0.2779,-15.0000,-7.4212,20.0000,28.6648,0.165117,0.682912,-0.042041
3400,357,0.3389,-15.0000,-5.4902,20.0000,28.0112,0.675888,0.422884,-0.039648
3500,348,0.2759,-15.0000,-7.3707,20.0000,28.7385,0.269998,2.749569,-0.043022
3600,347,0.2565,-15.0000,-8.5303,20.0000,28.8674,-0.417427,0.194490,-0.039831
3700,352,0.2983,-15.0000,-7.0312,20.0000,28.3892,-0.381376,3.071301,-0.043375
3800,352,0.2898,-15.0000,-6.5625,20.0000,28.4375,0.196767,2.098063,-0.039476
3900,348,0.2787,-15.0000,-7.7011,20.0000,28.7011,0.246054,2.245670,-0.040575
4000,347,0.2622,-15.0000,-7.5937,20.0000,28.8069,0.001691,2.414757,-0.040076
4100,352,0.2841,-15.0000,-7.0597,20.0000,28.4290,0.101248,2.508539,-0.041239
4200,349,0.2894,-15.0000,-6.5903,20.0000,28.6619,0.306477,0.314003,-0.038032
4300,356,0.3174,-15.0000,-6.4185,20.0000,28.0871,0.321545,0.715436,-0.039857
4400,352,0.3125,-15.0000,-6.0227,20.0000,28.3580,0.204959,2.208194,-0.040120
4500,351,0.2821,-15.0000,-7.0085,20.0000,28.5698,-0.066757,0.460422,-0.040069
4600,359,0.3203,-15.0000,-5.7939,20.0000,27.8412,-0.184688,3.542668,-0.040947
4700,343,0.2536,-15.0000,-7.9155,20.0000,29.1166,-0.353165,0.261629,-0.038110
4800,354,0.3079,-15.0000,-6.5960,20.0000,28.3051,-0.747621,0.184961,-0.035955
4900,353,0.3088,-15.0000,-6.5722,20.0000,28.3258,0.061587,1.209238,-0.037346
5100,354,0.2938,-15.0000,-6.5395,20.0000,28.2655,0.186067,1.672012,-0.040729
5200,362,0.3232,-15.0000,-5.5939,20.0000,27.6077,0.168346,1.861660,-0.040371
5300,363,0.3333,-15.0000,-5.3168,20.0000,27.6006,0.302699,0.094099,-0.035882
5400,367,0.3406,-15.0000,-4.8365,20.0000,27.1798,-1.182017,0.216493,-0.035521
5500,362,0.3232,-15.0000,-5.2624,20.0000,27.6713,-0.524024,0.326764,-0.035891
5600,370,0.3703,-15.0000,-3.7838,20.0000,27.0405,-0.140244,1.601579,-0.037977
5700,361,0.3186,-15.0000,-5.3047,20.0000,27.6981,-0.497634,0.106758,-0.036755
5800,366,0.3388,-15.0000,-4.8224,20.0000,27.3415,0.245853,4.237627,-0.040256
5900,369,0.3469,-15.0000,-4.3631,20.0000,27.0732,0.217075,0.913245,-0.038582
6000,357,0.3249,-15.0000,-5.4762,20.0000,28.0084,-0.178344,0.086096,-0.038559
6100,360,0.3222,-15.0000,-5.5556,20.0000,27.7944,0.247742,1.703718,-0.038196
6200,353,0.2521,-15.0000,-7.3654,20.0000,28.2946,0.374435,0.137711,-0.037407
6300,367,0.3188,-15.0000,-5.0272,20.0000,27.2888,0.452692,0.859865,-0.036506
6400,364,0.3297,-15.0000,-5.0687,20.0000,27.4368,0.695338,0.517784,-0.036888
6500,372,0.3602,-15.0000,-4.2473,20.0000,26.9140,0.455521,6.141185,-0.041195
6600,364,0.3159,-15.0000,-5.4258,20.0000,27.4148,0.036200,1.966954,-0.038449
6700,373,0.3164,-15.0000,-5.3753,20.0000,26.8284,0.169558,1.706643,-0.035512
6800,376,0.3404,-15.0000,-4.4016,20.0000,26.5931,-0.678946,4.026506,-0.038947
6900,382,0.3613,-15.0000,-3.3770,20.0000,26.2068,0.041159,2.480951,-0.037656
7000,365,0.3068,-15.0000,-5.5342,20.0000,27.3726,-0.353024,0.294130,-0.035345
7100,377,0.3342,-15.0000,-4.0584,20.0000,26.5332,0.189903,1.308288,-0.036736
7200,377,0.3422,-15.0000,-4.6950,20.0000,26.4828,-0.131681,2.990900,-0.036695
7300,379,0.3430,-15.0000,-4.1029,20.0000,26.4274,-0.600186,0.525455,-0.035235
7400,387,0.3592,-15.0000,-3.7468,20.0000,25.8553,-0.081038,2.399461,-0.035927
7500,374,0.3369,-15.0000,-4.0909,20.0000,26.7540,-0.226519,5.907379,-0.041409
7600,379,0.3483,-15.0000,-3.9182,20.0000,26.3509,-0.087537,2.985155,-0.038944
7700,367,0.2970,-15.0000,-5.5450,20.0000,27.2670,-0.572901,0.273828,-0.037107
7800,386,0.3860,-15.0000,-2.6166,20.0000,25.8523,-0.244253,3.645345,-0.035408
7900,400,0.4025,-15.0000,-2.1125,20.0000,25.0325,-0.258381,2.644435,-0.036362
8000,393,0.3842,-15.0000,-2.8117,20.0000,25.4707,0.369198,1.212749,-0.035809
8100,393,0.3842,-15.0000,-2.4682,20.0000,25.4224,-0.131541,5.300035,-0.039345
8200,390,0.3692,-15.0000,-2.8077,20.0000,25.6692,-0.032559,0.475201,-0.035741
8300,394,0.3909,-15.0000,-2.2335,20.0000,25.3528,-0.364585,4.129435,-0.036197
8400,409,0.4230,-15.0000,-1.1858,20.0000,24.4181,-0.407580,0.244661,-0.034105
8500,409,0.4156,-15.0000,-1.1858,20.0000,24.4914,-0.397573,4.427580,-0.039248
8600,426,0.4648,-15.0000,0.6690,20.0000,23.4601,-0.092790,2.106618,-0.033274
8700,424,0.4410,-15.0000,-0.6604,20.0000,23.5542,-0.097066,2.598813,-0.033261
8800,415,0.4289,-15.0000,-0.7108,20.0000,24.1084,-0.234652,1.646059,-0.035042
8900,428,0.4579,-15.0000,0.1168,20.0000,23.3692,0.020380,1.115173,-0.036114
9000,428,0.4673,-15.0000,0.4790,20.0000,23.3949,-0.061958,1.136734,-0.037171
9100,431,0.4664,-15.0000,0.4524,20.0000,23.2181,0.360005,2.450691,-0.032072
9200,420,0.4238,-15.0000,-0.8452,20.0000,23.7929,0.333106,3.261517,-0.036841
9300,452,0.5044,-15.0000,2.0575,20.0000,22.1128,0.097462,6.037790,-0.032333
9400,450,0.4822,-15.0000,1.2444,20.0000,22.2311,0.090327,2.165929,-0.033638
9500,475,0.5495,-15.0000,3.6000,20.0000,21.0716,-0.628905,3.050428,-0.031424
9600,471,0.5117,-15.0000,2.4628,20.0000,21.2272,0.028484,2.808176,-0.032961
9700,548,0.6241,-15.0000,6.5693,20.0000,18.2172,-0.707384,6.178284,-0.031056
9800,572,0.6276,-15.0000,6.5997,20.0000,17.4668,-0.344304,1.375292,-0.025699
9900,631,0.6799,-15.0000,8.5341,20.0000,15.8764,-0.339239,3.838701,-0.024997
10000,6,0.6667,-15.0000,8.3333,20.0000,14.1667,-0.364935,1.981997,-0.025622
10100,863,0.7972,-15.0000,12.6246,20.0000,11.5840,-0.226029,4.732502,-0.019106
10200,1026,0.8558,-15.0000,14.8343,20.0000,9.7632,-0.371159,4.442097,-0.017891
10300,1082,0.8715,-15.0000,15.4067,20.0000,9.2329,-0.731399,2.672554,-0.016117
10400,1164,0.8866,-15.0000,15.9021,20.0000,8.5997,0.177714,3.293491,-0.013745
10500,1333,0.9167,-15.0000,16.9505,20.0000,7.5026,-0.241820,2.487755,-0.011170
10600,1408,0.9311,-15.0000,17.5142,20.0000,7.1016,-0.211319,1.352191,-0.010072
10700,1571,0.9554,-15.0000,18.3355,20.0000,6.3635,-0.090923,1.806064,-0.011521
10800,1652,0.9600,-15.0000,18.5200,20.0000,6.0539,-0.117210,1.065719,-0.008249
10900,1750,0.9709,-15.0000,18.8686,20.0000,5.7017,-0.213362,1.849061,-0.010335
11000,1682,0.9649,-15.0000,18.6831,20.0000,5.9572,-0.063132,3.298734,-0.014859
11100,1754,0.9709,-15.0000,18.8712,20.0000,5.7035,-0.444617,0.947594,-0.007706
11200,1688,0.9627,-15.0000,18.6226,20.0000,5.9230,-0.184511,1.056056,-0.007106
11300,1794,0.9716,-15.0000,18.9548,20.0000,5.5635,-0.121709,2.049898,-0.009311
11400,1788,0.9715,-15.0000,18.9178,20.0000,5.6040,-0.107023,2.418993,-0.010004
11500,1846,0.9762,-15.0000,19.1089,20.0000,5.4166,-0.025876,1.371123,-0.005878
11600,1857,0.9768,-15.0000,19.1411,20.0000,5.3807,-0.316640,2.381848,-0.005387
