Alice Training On size: w=20, h=5, c=4
batch,num_episodes,win_rate,min_score,avg_score,max_score,avg_length,actor_loss,value_loss,entropy_loss
100,475,0.1621,-10.0000,-6.7579,10.0000,21.1347,-0.355353,3.348352,-0.048527
200,474,0.1456,-10.0000,-7.0886,10.0000,21.0464,-0.895215,3.352096,-0.046444
300,485,0.1402,-10.0000,-7.1959,10.0000,20.6289,0.015216,2.961047,-0.046066
400,460,0.1500,-10.0000,-7.0000,10.0000,21.7696,0.211851,3.152033,-0.047349
500,441,0.1927,-10.0000,-6.1451,10.0000,22.6168,0.072737,3.887134,-0.053195
600,479,0.1357,-10.0000,-7.2860,10.0000,20.8789,-0.000544,3.513119,-0.052190
700,452,0.1836,-10.0000,-6.3274,10.0000,22.1991,0.661631,3.831645,-0.044832
800,488,0.1537,-10.0000,-6.9262,10.0000,20.4426,0.302233,3.055374,-0.047006
900,477,0.1426,-10.0000,-7.1488,10.0000,20.9287,-0.060743,4.188358,-0.044825
1000,465,0.1720,-10.0000,-6.5591,10.0000,21.5548,0.140706,3.017874,-0.037413
1100,442,0.1629,-10.0000,-6.7421,10.0000,22.6086,0.392269,4.154876,-0.046895
1200,436,0.1881,-10.0000,-6.2385,10.0000,22.9817,0.458761,5.539889,-0.043461
1300,451,0.1663,-10.0000,-6.6741,10.0000,22.0931,0.155128,2.149617,-0.040596
1400,405,0.2395,-10.0000,-5.2099,10.0000,24.7901,0.014907,3.246231,-0.027855
1500,381,0.2572,-10.0000,-4.8556,10.0000,26.1601,0.044349,2.711630,-0.028741
1600,391,0.2353,-10.0000,-5.2941,10.0000,25.5371,0.082715,4.424339,-0.028685
1700,413,0.2252,-10.0000,-5.4964,10.0000,24.2760,0.081917,3.350513,-0.032347
1800,407,0.2162,-10.0000,-5.6757,10.0000,24.5971,0.314618,3.202546,-0.036482
1900,402,0.2214,-10.0000,-5.5721,10.0000,24.9005,0.016329,3.564676,-0.035911
2000,404,0.2376,-10.0000,-5.2475,10.0000,24.7302,-0.103394,2.092671,-0.036951
2100,414,0.2440,-10.0000,-5.1208,10.0000,24.1763,-0.228516,3.344685,-0.044532
2200,440,0.1773,-10.0000,-6.4545,10.0000,22.6341,-0.095488,2.569412,-0.036906
2300,421,0.2423,-10.0000,-5.1544,10.0000,23.7625,0.379893,5.336204,-0.039176
2400,378,0.2619,-10.0000,-4.7619,10.0000,26.5317,0.713046,5.831852,-0.045999
2500,432,0.1991,-10.0000,-6.0185,10.0000,23.1250,0.378728,4.764836,-0.050105
2600,435,0.1908,-10.0000,-6.1839,10.0000,23.0345,0.237982,4.622056,-0.037722
2700,421,0.2138,-10.0000,-5.7245,10.0000,23.7435,-0.143298,1.709590,-0.036684
2800,412,0.2209,-10.0000,-5.5825,10.0000,24.2573,0.174294,3.719673,-0.039232
2900,397,0.2418,-10.0000,-5.1637,10.0000,25.1486,0.290755,1.277009,-0.035598
3000,411,0.2384,-10.0000,-5.2311,10.0000,24.3893,0.023652,1.423773,-0.037092
3100,410,0.2220,-10.0000,-5.5610,10.0000,24.3951,-0.156063,3.808069,-0.040224
3200,430,0.2256,-10.0000,-5.4884,10.0000,23.1442,0.282939,1.046604,-0.038599
3300,411,0.2214,-10.0000,-5.5718,10.0000,24.4015,0.064216,2.710258,-0.042054
3400,434,0.1889,-10.0000,-6.2212,10.0000,23.0783,0.551537,3.312383,-0.039474
3500,424,0.2335,-10.0000,-5.3302,10.0000,23.5354,0.370030,4.885171,-0.047622
3600,391,0.2583,-10.0000,-4.8338,10.0000,25.5269,-0.026692,1.525148,-0.038493
3600,430,0.2023,-10.0000,-5.9535,10.0000,23.2326,-0.058597,3.620018,-0.043472
3700,401,0.2344,-10.0000,-5.3117,10.0000,24.9501,0.161410,4.522243,-0.040356
3800,427,0.1920,-10.0000,-6.1593,10.0000,23.4239,0.000114,3.106853,-0.039026
3900,428,0.2173,-10.0000,-5.6542,10.0000,23.2967,0.188942,1.496671,-0.035988
4000,420,0.2143,-10.0000,-5.7143,10.0000,23.8405,0.985173,5.121203,-0.038613
4100,423,0.1939,-10.0000,-6.1229,10.0000,23.6407,-0.196612,1.282155,-0.037999
4200,402,0.2264,-10.0000,-5.4726,10.0000,24.8408,0.841790,5.221221,-0.040022
4300,393,0.2595,-10.0000,-4.8092,10.0000,25.4555,0.492870,4.441472,-0.043617
4400,393,0.2697,-10.0000,-4.6056,10.0000,25.5115,0.353983,4.336487,-0.034109
4500,423,0.2199,-10.0000,-5.6028,10.0000,23.5934,0.137227,1.980232,-0.041742
4600,378,0.2513,-10.0000,-4.9735,10.0000,26.4550,0.195857,2.892740,-0.039903
4700,412,0.2500,-10.0000,-5.0000,10.0000,24.3131,0.015922,5.097772,-0.043661
4800,427,0.2201,-10.0000,-5.5972,10.0000,23.4286,-0.185994,2.542028,-0.039096
4900,431,0.1949,-10.0000,-6.1021,10.0000,23.1926,0.383020,3.156255,-0.039049
5000,393,0.2417,-10.0000,-5.1654,10.0000,25.3969,0.589850,5.803701,-0.041417
5100,417,0.2422,-10.0000,-5.1559,10.0000,24.0192,-0.107611,3.940684,-0.040702
5200,419,0.2196,-10.0000,-5.6086,10.0000,23.8592,0.543987,5.724631,-0.045503
5300,410,0.2268,-10.0000,-5.4634,10.0000,24.3659,0.831650,5.397236,-0.042131
5400,428,0.1986,-10.0000,-6.0280,10.0000,23.4089,0.575314,5.880445,-0.043503
5500,407,0.2482,-10.0000,-5.0369,10.0000,24.5774,0.046581,7.321537,-0.045046
5600,431,0.2019,-10.0000,-5.9629,10.0000,23.1879,-0.149127,1.462185,-0.040366
5700,424,0.2146,-10.0000,-5.7075,10.0000,23.5637,0.235991,3.498022,-0.042435
5800,399,0.2406,-10.0000,-5.1880,10.0000,25.0401,-0.015047,2.577655,-0.044053
5900,402,0.2388,-10.0000,-5.2239,10.0000,24.9254,0.668930,1.012736,-0.039249
6000,436,0.1904,-10.0000,-6.1927,10.0000,22.9450,0.617360,3.766325,-0.039574
6100,453,0.1722,-10.0000,-6.5563,10.0000,22.0728,-0.457532,4.221564,-0.045995
6200,430,0.1977,-10.0000,-6.0465,10.0000,23.2116,0.950418,4.987752,-0.045285
6300,419,0.2243,-10.0000,-5.5131,10.0000,23.8592,-0.071773,2.024716,-0.041697
6400,420,0.2286,-10.0000,-5.4286,10.0000,23.8143,0.561067,3.133165,-0.040306
6500,393,0.2214,-10.0000,-5.5725,10.0000,25.4885,-0.509564,3.146811,-0.041480
6600,397,0.2393,-10.0000,-5.2141,10.0000,25.1285,0.102280,2.261265,-0.041593
6700,403,0.2283,-10.0000,-5.4342,10.0000,24.8586,0.689216,5.736261,-0.043959
6800,424,0.2193,-10.0000,-5.6132,10.0000,23.5943,0.816196,6.576248,-0.041379
6900,414,0.2077,-10.0000,-5.8454,10.0000,24.0966,0.234348,2.305712,-0.041168
7000,418,0.2081,-10.0000,-5.8373,10.0000,23.9833,0.479052,3.901166,-0.039119
7100,432,0.1806,-10.0000,-6.3889,10.0000,23.1019,0.160305,3.529921,-0.039300
7200,390,0.2231,-10.0000,-5.5385,10.0000,25.6282,0.358640,1.821279,-0.041351
7300,418,0.1986,-10.0000,-6.0287,10.0000,23.9234,-0.046899,2.317335,-0.043446
7400,409,0.2225,-10.0000,-5.5501,10.0000,24.4670,-0.124912,2.174610,-0.042386
7500,406,0.2217,-10.0000,-5.5665,10.0000,24.6305,-0.133752,3.307261,-0.040276
7600,396,0.2525,-10.0000,-4.9495,10.0000,25.3106,0.237796,5.133081,-0.039859
7700,410,0.2049,-10.0000,-5.9024,10.0000,24.3805,-0.076342,3.604128,-0.040348
7800,440,0.1886,-10.0000,-6.2273,10.0000,22.6682,-0.249577,3.769031,-0.042228
7900,420,0.2095,-10.0000,-5.8095,10.0000,23.8762,-0.526239,3.558030,-0.041385
8000,395,0.2608,-10.0000,-4.7848,10.0000,25.3013,0.447424,0.856367,-0.035453
8100,408,0.2132,-10.0000,-5.7353,10.0000,24.4632,-0.731239,3.197509,-0.042795
8200,417,0.2302,-10.0000,-5.3957,10.0000,23.9976,0.068108,1.257116,-0.035214
8300,413,0.2446,-10.0000,-5.1090,10.0000,24.2518,0.549841,0.529314,-0.035808
8400,394,0.2563,-10.0000,-4.8731,10.0000,25.3782,-0.038404,2.143221,-0.038462
8500,406,0.2167,-10.0000,-5.6650,10.0000,24.6404,-0.097792,3.636300,-0.040901
8600,407,0.2408,-10.0000,-5.1843,10.0000,24.4840,0.430384,5.053758,-0.042174
8700,420,0.1881,-10.0000,-6.2381,10.0000,23.8190,-0.016708,3.469642,-0.040459
8800,439,0.1868,-10.0000,-6.2642,10.0000,22.8360,0.322083,5.255314,-0.044317
8900,412,0.2160,-10.0000,-5.6796,10.0000,24.1748,0.510755,1.726906,-0.038812
9000,411,0.2409,-10.0000,-5.1825,10.0000,24.4453,0.274044,1.559164,-0.036841
9100,423,0.2009,-10.0000,-5.9811,10.0000,23.6005,-0.198980,2.440862,-0.040554
9200,405,0.1975,-10.0000,-6.0494,10.0000,24.6346,-0.180176,3.180575,-0.041099
9300,391,0.2558,-10.0000,-4.8849,10.0000,25.6496,0.222163,4.470496,-0.036276
9400,362,0.2790,-10.0000,-4.4199,10.0000,27.6519,0.549503,3.577302,-0.036204
9500,394,0.2183,-10.0000,-5.6345,10.0000,25.3325,0.266792,2.985202,-0.040282
9600,403,0.2109,-10.0000,-5.7816,10.0000,24.8511,-0.093491,2.597606,-0.037872
9700,415,0.2193,-10.0000,-5.6145,10.0000,24.1084,0.556153,6.392672,-0.044008
9800,390,0.2154,-10.0000,-5.6923,10.0000,25.6385,0.731749,3.382745,-0.033570
9900,402,0.1990,-10.0000,-6.0199,10.0000,24.8184,-0.156042,2.467230,-0.037066
10000,409,0.2127,-10.0000,-5.7457,10.0000,24.5012,0.214238,0.815427,-0.032131
10100,369,0.2791,-10.0000,-4.4173,10.0000,27.1003,0.422506,4.682331,-0.039395
10200,403,0.2109,-10.0000,-5.7816,10.0000,24.7370,-0.097157,1.617623,-0.038928
10300,409,0.1956,-10.0000,-6.0880,10.0000,24.4890,0.524410,5.662704,-0.044291
10400,408,0.1936,-10.0000,-6.1275,10.0000,24.5294,-0.128725,4.836621,-0.047462
10500,419,0.2053,-10.0000,-5.8950,10.0000,23.8019,0.024287,4.418303,-0.044195
10600,415,0.1783,-10.0000,-6.4337,10.0000,24.1133,0.363425,4.076646,-0.044409
10700,413,0.1550,-10.0000,-6.9007,10.0000,24.2760,0.337723,3.480689,-0.039886
10800,412,0.2015,-10.0000,-5.9709,10.0000,24.2694,0.254138,1.748740,-0.036894
10900,421,0.1876,-10.0000,-6.2470,10.0000,23.7245,0.338393,4.105633,-0.037627
11000,425,0.1788,-10.0000,-6.4235,10.0000,23.5318,0.081752,5.255130,-0.041476
11100,404,0.1807,-10.0000,-6.3861,10.0000,24.7748,-0.254268,3.433015,-0.039861
11200,380,0.1947,-10.0000,-6.1053,10.0000,26.3079,0.135465,4.619730,-0.045857
11300,364,0.2637,-10.0000,-4.7253,10.0000,27.4396,-0.384365,5.785048,-0.036327
11400,388,0.2320,-10.0000,-5.3608,10.0000,25.7242,-0.074136,1.616420,-0.037611
11500,392,0.2168,-10.0000,-5.6633,10.0000,25.5816,0.520215,5.483175,-0.038725
11600,414,0.1836,-10.0000,-6.3285,10.0000,24.1594,0.407431,1.579481,-0.037070
11700,398,0.2462,-10.0000,-5.0754,10.0000,25.1181,0.032779,0.674727,-0.035495
11800,393,0.2265,-10.0000,-5.4707,10.0000,25.4300,-0.145256,2.729846,-0.040263
11900,384,0.2396,-10.0000,-5.2083,10.0000,26.0859,0.135570,6.398475,-0.040307
12000,409,0.1907,-10.0000,-6.1858,10.0000,24.4254,-0.077861,3.381490,-0.037050
12100,379,0.1953,-10.0000,-6.0950,10.0000,26.3931,0.222577,3.298661,-0.036018
12200,371,0.2534,-10.0000,-4.9326,10.0000,26.9650,-0.394187,3.951241,-0.034353
12300,366,0.2158,-10.0000,-5.6831,10.0000,27.2350,-0.234607,1.866555,-0.038005
12400,364,0.2610,-10.0000,-4.7802,10.0000,27.5604,-0.148912,2.635212,-0.035051
12500,362,0.2680,-10.0000,-4.6409,10.0000,27.6326,0.135810,2.282995,-0.035257
12600,380,0.2632,-10.0000,-4.7368,10.0000,26.2158,-0.322569,1.667867,-0.033720
12700,386,0.2435,-10.0000,-5.1295,10.0000,25.9793,0.048980,1.165055,-0.031043
12800,350,0.2686,-10.0000,-4.6286,10.0000,28.4943,0.311582,2.758680,-0.035772
12900,374,0.2406,-10.0000,-5.1872,10.0000,26.7567,0.076645,5.386638,-0.038310
13000,391,0.1995,-10.0000,-6.0102,10.0000,25.5678,0.395362,3.279943,-0.034639
13100,359,0.2368,-10.0000,-5.2646,10.0000,27.8719,-0.078899,3.072609,-0.034669
13200,377,0.2414,-10.0000,-5.1724,10.0000,26.5252,0.021876,4.894667,-0.037965
13300,385,0.2364,-10.0000,-5.2727,10.0000,26.0442,-0.144787,1.785214,-0.028958
13400,346,0.2572,-10.0000,-4.8555,10.0000,28.7977,-0.068536,1.919779,-0.033721
13500,369,0.2276,-10.0000,-5.4472,10.0000,27.0976,-0.304494,3.486760,-0.032245
13600,360,0.2306,-10.0000,-5.3889,10.0000,27.8611,-0.771188,3.330998,-0.034635
13700,344,0.2703,-10.0000,-4.5930,10.0000,29.0407,0.299562,1.218593,-0.033051
13800,369,0.2195,-10.0000,-5.6098,10.0000,27.0569,0.441060,1.543380,-0.033241
13900,373,0.2359,-10.0000,-5.2815,10.0000,26.8365,0.548084,3.078784,-0.036119
14000,352,0.2670,-10.0000,-4.6591,10.0000,28.3722,0.160342,2.601659,-0.037882
14100,365,0.2329,-10.0000,-5.3425,10.0000,27.3836,0.016051,0.900079,-0.038310
14200,349,0.2607,-10.0000,-4.7851,10.0000,28.7364,0.179122,1.951921,-0.034091
14300,354,0.2712,-10.0000,-4.5763,10.0000,28.2571,0.202413,0.405784,-0.036997
14400,361,0.2410,-10.0000,-5.1801,10.0000,27.6925,0.364483,2.313412,-0.038448
14500,373,0.1823,-10.0000,-6.3539,10.0000,26.8365,-0.499150,3.237124,-0.036416
14600,382,0.1963,-10.0000,-6.0733,10.0000,26.1518,-0.180025,3.525864,-0.039404
14700,383,0.1958,-10.0000,-6.0836,10.0000,26.1149,-0.040360,4.969186,-0.041628
14800,370,0.2486,-10.0000,-5.0270,10.0000,26.9405,-0.046800,2.940479,-0.039048
14900,363,0.2452,-10.0000,-5.0964,10.0000,27.6584,0.392254,4.935823,-0.039623
15000,379,0.2480,-10.0000,-5.0396,10.0000,26.3034,-0.276426,2.017478,-0.038086
15100,401,0.1920,-10.0000,-6.1596,10.0000,24.9626,-0.101309,2.638862,-0.042795
15200,403,0.1861,-10.0000,-6.2779,10.0000,24.8536,-0.247603,2.120761,-0.034621
15300,372,0.2473,-10.0000,-5.0538,10.0000,26.8253,0.544483,1.430124,-0.034131
15400,408,0.2034,-10.0000,-5.9314,10.0000,24.5784,0.126546,5.425319,-0.042792
15500,398,0.2060,-10.0000,-5.8794,10.0000,25.0477,0.074825,2.561117,-0.040736
15600,390,0.2000,-10.0000,-6.0000,10.0000,25.6744,0.144389,3.046777,-0.042409
15700,403,0.1762,-10.0000,-6.4764,10.0000,24.7419,0.103156,3.650927,-0.045030
15800,407,0.1990,-10.0000,-6.0197,10.0000,24.6781,0.648720,4.976335,-0.043802
15900,403,0.2060,-10.0000,-5.8809,10.0000,24.8139,0.400120,5.318187,-0.041629
16000,383,0.2115,-10.0000,-5.7702,10.0000,26.0339,-0.387888,1.839565,-0.041863
16100,410,0.2024,-10.0000,-5.9512,10.0000,24.4659,0.614479,5.137671,-0.041101
16200,381,0.2441,-10.0000,-5.1181,10.0000,26.2362,0.110399,4.172879,-0.042013
16300,400,0.2275,-10.0000,-5.4500,10.0000,24.9800,0.399634,5.724443,-0.044201
16400,387,0.2016,-10.0000,-5.9690,10.0000,25.8475,0.693209,0.881954,-0.037876
16500,377,0.2202,-10.0000,-5.5968,10.0000,26.5225,0.251320,2.812281,-0.040642
16600,380,0.2342,-10.0000,-5.3158,10.0000,26.2500,0.039691,2.470662,-0.040186
16700,381,0.2047,-10.0000,-5.9055,10.0000,26.2257,0.111261,4.154220,-0.041055
16800,347,0.2911,-10.0000,-4.1787,10.0000,28.9049,-0.216956,3.245586,-0.035389
16900,383,0.2193,-10.0000,-5.6136,10.0000,26.0366,0.120896,4.197997,-0.039152
17000,363,0.2590,-10.0000,-4.8209,10.0000,27.6143,-0.384376,1.841726,-0.036906
17100,338,0.2899,-10.0000,-4.2012,10.0000,29.6243,-0.581510,2.562007,-0.029235
17200,359,0.2312,-10.0000,-5.3760,10.0000,27.7883,0.323605,1.355814,-0.037843
17300,352,0.2699,-10.0000,-4.6023,10.0000,28.4830,0.077965,2.761183,-0.037728
17400,353,0.2748,-10.0000,-4.5042,10.0000,28.2125,-0.245788,0.729621,-0.033213
17500,375,0.2267,-10.0000,-5.4667,10.0000,26.7813,-0.216681,4.287944,-0.041726
17600,363,0.2755,-10.0000,-4.4904,10.0000,27.4656,0.252975,3.458549,-0.043244
17700,369,0.2358,-10.0000,-5.2846,10.0000,27.1734,1.022326,0.985407,-0.036673
17800,367,0.2343,-10.0000,-5.3134,10.0000,27.1689,-0.439535,1.540034,-0.036971
17900,349,0.2693,-10.0000,-4.6132,10.0000,28.6705,0.244806,2.662618,-0.037987
18000,363,0.2507,-10.0000,-4.9862,10.0000,27.5234,0.477256,2.137676,-0.036665
18100,359,0.2563,-10.0000,-4.8747,10.0000,27.8273,-0.237201,2.063844,-0.038189
18200,377,0.2308,-10.0000,-5.3846,10.0000,26.6101,-0.101323,1.934947,-0.037654
18300,333,0.3153,-10.0000,-3.6937,10.0000,30.0721,-0.157867,0.872235,-0.034688
18400,395,0.1924,-10.0000,-6.1519,10.0000,25.2506,0.477495,3.490564,-0.041959
18500,374,0.2193,-10.0000,-5.6150,10.0000,26.6791,-0.123246,2.394079,-0.038157
18600,394,0.2386,-10.0000,-5.2284,10.0000,25.5000,-0.046339,1.423905,-0.035023
18700,379,0.2348,-10.0000,-5.3034,10.0000,26.3668,0.179892,6.287371,-0.040604
18800,384,0.2344,-10.0000,-5.3125,10.0000,25.9974,0.212523,5.191360,-0.042365
18900,385,0.2078,-10.0000,-5.8442,10.0000,26.0390,0.314775,6.149793,-0.039168
19000,391,0.2276,-10.0000,-5.4476,10.0000,25.4962,-0.323386,3.195857,-0.035886
19100,347,0.2853,-10.0000,-4.2939,10.0000,28.8069,-0.155252,1.453848,-0.038670
19200,375,0.2293,-10.0000,-5.4133,10.0000,26.6533,0.171233,2.594812,-0.036486
19300,381,0.2283,-10.0000,-5.4331,10.0000,26.3150,-0.080607,4.663651,-0.040819
19400,378,0.2037,-10.0000,-5.9259,10.0000,26.4444,0.238017,3.848022,-0.035911
19500,361,0.2465,-10.0000,-5.0693,10.0000,27.7036,0.348691,1.003932,-0.036631
19600,365,0.2164,-10.0000,-5.6712,10.0000,27.4438,0.113162,1.128637,-0.033291
19700,357,0.2325,-10.0000,-5.3501,10.0000,27.9664,-0.397393,2.910167,-0.039479
19800,357,0.2549,-10.0000,-4.9020,10.0000,28.0280,0.040952,2.478407,-0.037968
19900,343,0.2682,-10.0000,-4.6356,10.0000,29.1778,0.499051,6.553979,-0.039040
20000,381,0.2126,-10.0000,-5.7480,10.0000,26.2073,-0.051845,1.723133,-0.037293
20100,355,0.2338,-10.0000,-5.3239,10.0000,28.1211,0.159725,4.967213,-0.041628
20200,321,0.3022,-10.0000,-3.9564,10.0000,31.1963,0.418225,3.095940,-0.037785
20300,368,0.2147,-10.0000,-5.7065,10.0000,27.1359,0.142240,2.646662,-0.039863
20400,366,0.2432,-10.0000,-5.1366,10.0000,27.3224,0.246910,1.091861,-0.035699
20500,357,0.2717,-10.0000,-4.5658,10.0000,28.0392,-0.219133,3.533564,-0.034893
20600,346,0.2543,-10.0000,-4.9133,10.0000,28.9017,-0.056270,1.522047,-0.036088
20700,355,0.2423,-10.0000,-5.1549,10.0000,28.1070,0.136513,2.165365,-0.039660
20800,355,0.2507,-10.0000,-4.9859,10.0000,28.1831,0.342292,5.974710,-0.042431
20900,344,0.2616,-10.0000,-4.7674,10.0000,29.0669,-0.272564,2.389204,-0.037127
21000,358,0.2402,-10.0000,-5.1955,10.0000,27.9246,0.062636,3.410564,-0.038904
21100,349,0.2550,-10.0000,-4.8997,10.0000,28.6905,-0.174514,3.577352,-0.035415
21200,358,0.2542,-10.0000,-4.9162,10.0000,27.8743,0.282344,2.989241,-0.037804
21300,353,0.2380,-10.0000,-5.2408,10.0000,28.3569,-0.196274,3.066015,-0.037184
21400,352,0.2443,-10.0000,-5.1136,10.0000,28.3892,0.357703,2.961120,-0.037013
21500,355,0.2423,-10.0000,-5.1549,10.0000,28.2282,0.304238,0.770199,-0.036571
21600,324,0.2840,-10.0000,-4.3210,10.0000,30.8611,-0.455625,2.157853,-0.036718
21700,355,0.2479,-10.0000,-5.0423,10.0000,28.1070,0.534941,5.636335,-0.041129
21800,328,0.3079,-10.0000,-3.8415,10.0000,30.4268,-0.011553,4.116343,-0.040905
21900,358,0.2430,-10.0000,-5.1397,10.0000,28.0475,-0.076048,1.656997,-0.035531
22000,358,0.2402,-10.0000,-5.1955,10.0000,27.8799,-0.150871,2.216597,-0.042200
22100,372,0.2016,-10.0000,-5.9677,10.0000,26.9301,-0.419554,2.183455,-0.038006
22200,365,0.2301,-10.0000,-5.3973,10.0000,27.3973,0.426064,1.036951,-0.038559
22300,391,0.2199,-10.0000,-5.6010,10.0000,25.5729,-0.143473,3.241944,-0.037967
22400,370,0.2297,-10.0000,-5.4054,10.0000,26.9486,-0.281109,1.583042,-0.038490
22500,354,0.2260,-10.0000,-5.4802,10.0000,28.2797,-0.374742,2.477624,-0.038541
22600,357,0.2409,-10.0000,-5.1821,10.0000,28.0532,-0.292827,2.332618,-0.037059
22700,351,0.2336,-10.0000,-5.3276,10.0000,28.4672,0.293380,3.550798,-0.039681
22800,347,0.2651,-10.0000,-4.6974,10.0000,28.8559,0.147339,0.628401,-0.037895
22900,351,0.2279,-10.0000,-5.4416,10.0000,28.4160,-0.204720,2.931873,-0.038057
23000,358,0.2207,-10.0000,-5.5866,10.0000,27.9246,0.035971,1.707984,-0.039109
23100,346,0.2630,-10.0000,-4.7399,10.0000,28.8873,0.438856,5.713028,-0.039628
23200,343,0.2624,-10.0000,-4.7522,10.0000,29.1195,0.142231,3.613500,-0.038690
23300,341,0.2522,-10.0000,-4.9560,10.0000,29.3930,-0.262121,3.056902,-0.035735
23400,340,0.2529,-10.0000,-4.9412,10.0000,29.4824,-0.568614,3.578124,-0.030187
23500,321,0.2866,-10.0000,-4.2679,10.0000,31.0405,-0.309906,2.129345,-0.036084
23600,321,0.2960,-10.0000,-4.0810,10.0000,31.2181,-0.281954,4.974958,-0.035832
23700,342,0.2427,-10.0000,-5.1462,10.0000,29.2251,0.474207,5.258355,-0.039972
23800,341,0.2493,-10.0000,-5.0147,10.0000,29.3666,-0.783772,3.204231,-0.034206
23900,321,0.2804,-10.0000,-4.3925,10.0000,31.1090,0.366404,2.897128,-0.038766
24000,332,0.2590,-10.0000,-4.8193,10.0000,30.1325,-0.018814,4.723040,-0.037314
24100,321,0.2960,-10.0000,-4.0810,10.0000,31.1807,0.069861,3.964664,-0.035337
24200,332,0.2861,-10.0000,-4.2771,10.0000,30.0512,0.340376,2.822278,-0.036916
24300,324,0.2840,-10.0000,-4.3210,10.0000,30.9506,0.022649,2.851806,-0.031131
24400,323,0.2786,-10.0000,-4.4272,10.0000,30.9133,0.987304,5.833903,-0.035702
24500,334,0.2934,-10.0000,-4.1317,10.0000,29.8653,0.624316,4.700492,-0.039420
24600,341,0.2845,-10.0000,-4.3109,10.0000,29.3754,0.284913,2.604194,-0.034957
24700,351,0.2536,-10.0000,-4.9288,10.0000,28.4644,0.403147,2.441234,-0.038297
24800,328,0.2744,-10.0000,-4.5122,10.0000,30.5640,-0.049279,3.400745,-0.034294
24900,334,0.2665,-10.0000,-4.6707,10.0000,29.8443,0.110973,0.824717,-0.036282
25000,339,0.2891,-10.0000,-4.2183,10.0000,29.5280,0.161184,1.078356,-0.036780
25100,324,0.3056,-10.0000,-3.8889,10.0000,30.8920,0.171031,1.447823,-0.035490
25200,341,0.2610,-10.0000,-4.7801,10.0000,29.3402,-0.965845,2.103822,-0.030934
25300,328,0.2957,-10.0000,-4.0854,10.0000,30.4421,0.170146,2.954351,-0.036388
25400,328,0.2835,-10.0000,-4.3293,10.0000,30.5610,-0.713875,2.937186,-0.033904
25500,344,0.2529,-10.0000,-4.9419,10.0000,29.0436,-0.184923,4.013774,-0.034539
25600,351,0.2593,-10.0000,-4.8148,10.0000,28.5100,-0.164444,1.310812,-0.033915
25700,337,0.2641,-10.0000,-4.7181,10.0000,29.6825,0.168646,3.516278,-0.041915
25800,368,0.2147,-10.0000,-5.7065,10.0000,27.1332,0.192618,2.455823,-0.037378
25900,342,0.2982,-10.0000,-4.0351,10.0000,29.2895,-0.523356,1.226250,-0.036128
26000,353,0.2295,-10.0000,-5.4108,10.0000,28.3286,-0.027448,2.752383,-0.039417
26100,334,0.2934,-10.0000,-4.1317,10.0000,29.8653,0.096827,1.416555,-0.038757
26200,327,0.2813,-10.0000,-4.3731,10.0000,30.6636,-0.567680,3.166365,-0.033854
26300,339,0.2655,-10.0000,-4.6903,10.0000,29.4602,0.236795,3.340638,-0.036390
26400,323,0.3313,-10.0000,-3.3746,10.0000,30.9938,-0.122459,1.521482,-0.034062
26500,325,0.2985,-10.0000,-4.0308,10.0000,30.7569,0.405871,5.028541,-0.037178
26600,319,0.3260,-10.0000,-3.4796,10.0000,31.3511,0.169773,6.760553,-0.041409
26700,312,0.3558,-10.0000,-2.8846,10.0000,32.0609,0.245518,0.986683,-0.036008
26800,314,0.3408,-10.0000,-3.1847,10.0000,31.8662,-0.829663,2.958697,-0.023974
26900,319,0.3009,-10.0000,-3.9812,10.0000,31.3197,0.066385,4.230301,-0.036460
27000,319,0.3072,-10.0000,-3.8558,10.0000,31.3511,-0.215451,1.273130,-0.032936
27100,323,0.2879,-10.0000,-4.2415,10.0000,30.9721,0.142676,3.350691,-0.036866
27200,319,0.3072,-10.0000,-3.8558,10.0000,31.2414,0.388371,2.738480,-0.032570
27300,314,0.3599,-10.0000,-2.8025,10.0000,31.9045,0.100215,5.839159,-0.034352
27400,300,0.3800,-10.0000,-2.4000,10.0000,33.3867,-0.141399,3.047073,-0.035108
27500,314,0.3248,-10.0000,-3.5032,10.0000,31.8248,-0.212467,3.840970,-0.031783
27600,327,0.3150,-10.0000,-3.7003,10.0000,30.4985,-0.104529,3.247126,-0.037505
27700,327,0.3364,-10.0000,-3.2722,10.0000,30.6667,0.129755,3.685365,-0.032666
27800,344,0.2994,-10.0000,-4.0116,10.0000,29.0116,-0.085972,4.140479,-0.030602
27900,341,0.2991,-10.0000,-4.0176,10.0000,29.3988,0.740090,5.631198,-0.037253
28000,332,0.3193,-10.0000,-3.6145,10.0000,30.0060,0.468395,0.513040,-0.035827
28100,323,0.3344,-10.0000,-3.3127,10.0000,30.9752,0.106863,2.803940,-0.033510
28200,306,0.3758,-10.0000,-2.4837,10.0000,32.7484,-0.004660,1.050287,-0.036062
28300,328,0.2896,-10.0000,-4.2073,10.0000,30.4512,-0.611361,1.462390,-0.033605
28400,323,0.3220,-10.0000,-3.5604,10.0000,30.9288,-0.051567,3.158799,-0.030859
28500,311,0.3859,-10.0000,-2.2830,10.0000,32.1286,0.340725,1.127572,-0.033426
28600,323,0.3313,-10.0000,-3.3746,10.0000,30.9598,-0.124493,3.384814,-0.033370
28700,319,0.3417,-10.0000,-3.1661,10.0000,31.2696,-0.158608,0.872749,-0.028854
28800,326,0.3558,-10.0000,-2.8834,10.0000,30.7086,-0.065627,0.986132,-0.031089
28900,323,0.3158,-10.0000,-3.6842,10.0000,30.9845,0.016093,2.175438,-0.029046
29000,295,0.4034,-10.0000,-1.9322,10.0000,33.8644,0.069255,3.237291,-0.031825
29100,318,0.3396,-10.0000,-3.2075,10.0000,31.4025,0.265038,1.150622,-0.031440
29200,311,0.3505,-10.0000,-2.9904,10.0000,32.2251,-0.396001,2.469165,-0.033122
29300,322,0.3447,-10.0000,-3.1056,10.0000,31.0807,0.121601,3.365855,-0.035390
29400,308,0.3799,-10.0000,-2.4026,10.0000,32.3312,0.207445,3.552985,-0.037270
29500,334,0.3353,-10.0000,-3.2934,10.0000,30.0240,-0.779028,2.083327,-0.024060
29600,302,0.4238,-10.0000,-1.5232,10.0000,33.0993,-0.028677,3.062386,-0.038563
29700,316,0.3481,-10.0000,-3.0380,10.0000,31.6741,0.246919,6.545046,-0.043189
29800,328,0.3171,-10.0000,-3.6585,10.0000,30.5061,-0.030748,5.380640,-0.030100
29900,311,0.3955,-10.0000,-2.0900,10.0000,32.1350,0.036432,3.539330,-0.035205
30000,317,0.3943,-10.0000,-2.1136,10.0000,31.5489,0.239322,3.155815,-0.033945
30100,307,0.3713,-10.0000,-2.5733,10.0000,32.5700,-0.426003,2.317418,-0.033747
30200,304,0.4046,-10.0000,-1.9079,10.0000,32.8914,0.340227,1.770114,-0.028840
30300,302,0.4139,-10.0000,-1.7219,10.0000,33.0695,-0.266086,2.117610,-0.023326
30400,299,0.4147,-10.0000,-1.7057,10.0000,33.5217,-0.794452,1.503324,-0.027237
30500,301,0.3887,-10.0000,-2.2259,10.0000,33.1429,0.496106,0.225567,-0.033062
30600,303,0.4290,-10.0000,-1.4191,10.0000,33.0396,-0.431200,1.803345,-0.025431
30700,298,0.4295,-10.0000,-1.4094,10.0000,33.5570,-0.511748,4.026116,-0.026121
30800,303,0.4224,-10.0000,-1.5512,10.0000,33.0099,0.059105,1.256327,-0.028922
30900,309,0.3883,-10.0000,-2.2330,10.0000,32.3657,-0.563255,2.714800,-0.027090
31000,310,0.3774,-10.0000,-2.4516,10.0000,32.2355,0.341535,2.769086,-0.027109
31100,309,0.3754,-10.0000,-2.4919,10.0000,32.3883,-0.056951,3.133414,-0.032900
31200,287,0.4390,-10.0000,-1.2195,10.0000,34.8571,-0.097482,1.147473,-0.033707
31300,311,0.3312,-10.0000,-3.3762,10.0000,32.1672,0.048407,1.618567,-0.028968
31400,307,0.3583,-10.0000,-2.8339,10.0000,32.4919,0.331161,1.515226,-0.037024
31500,315,0.3651,-10.0000,-2.6984,10.0000,31.7873,-0.086571,3.514265,-0.034876
31600,322,0.3168,-10.0000,-3.6646,10.0000,30.9938,0.611402,1.059609,-0.035530
31700,326,0.3221,-10.0000,-3.5583,10.0000,30.6258,0.021125,0.413809,-0.035204
31800,306,0.3497,-10.0000,-3.0065,10.0000,32.7288,0.062952,1.086034,-0.034497
31900,306,0.3595,-10.0000,-2.8105,10.0000,32.7680,-0.191575,0.973917,-0.033479
32000,310,0.3548,-10.0000,-2.9032,10.0000,32.1839,0.420126,1.239835,-0.038058
32100,316,0.3544,-10.0000,-2.9114,10.0000,31.6930,-0.561828,1.771865,-0.032106
32200,316,0.3449,-10.0000,-3.1013,10.0000,31.6139,0.093531,1.029514,-0.031767
32300,317,0.3628,-10.0000,-2.7445,10.0000,31.5205,0.111405,0.784665,-0.034404
32400,301,0.3887,-10.0000,-2.2259,10.0000,33.2126,0.353882,0.341000,-0.030266
32500,291,0.4674,-10.0000,-0.6529,10.0000,34.3608,-0.026312,1.006563,-0.028328
32600,291,0.4399,-10.0000,-1.2027,10.0000,34.4364,0.414628,1.156915,-0.027435
32700,300,0.4033,-10.0000,-1.9333,10.0000,33.2333,0.244917,0.427175,-0.032249
32800,321,0.3396,-10.0000,-3.2087,10.0000,31.2866,-0.726029,2.189946,-0.029207
32900,306,0.3627,-10.0000,-2.7451,10.0000,32.6863,-0.386888,5.488861,-0.035066
33000,320,0.3469,-10.0000,-3.0625,10.0000,31.2063,0.026906,0.991133,-0.031911
33100,311,0.3794,-10.0000,-2.4116,10.0000,32.1383,0.651313,3.213451,-0.031381
33200,314,0.3694,-10.0000,-2.6115,10.0000,31.8662,0.259893,0.935653,-0.032902
33300,338,0.3284,-10.0000,-3.4320,10.0000,29.5444,0.124703,2.553962,-0.038406
33400,321,0.3364,-10.0000,-3.2710,10.0000,31.1495,-0.132341,6.012865,-0.033048
33500,335,0.2955,-10.0000,-4.0896,10.0000,29.8000,0.367359,0.530387,-0.036352
33600,314,0.3822,-10.0000,-2.3567,10.0000,31.9140,-0.205249,1.593541,-0.035049
33700,300,0.3867,-10.0000,-2.2667,10.0000,33.2967,0.269762,0.472611,-0.035772
33800,297,0.4108,-10.0000,-1.7845,10.0000,33.7037,-0.576722,1.459825,-0.029891
33900,316,0.3734,-10.0000,-2.5316,10.0000,31.7247,0.219984,0.422824,-0.028367
34000,294,0.4456,-10.0000,-1.0884,10.0000,33.9354,0.244755,2.734369,-0.034604
34100,301,0.4153,-10.0000,-1.6944,10.0000,33.2259,0.373264,3.193686,-0.032266
34200,315,0.4032,-10.0000,-1.9365,10.0000,31.8190,-0.450552,0.510059,-0.031323
34300,313,0.3866,-10.0000,-2.2684,10.0000,31.9425,-0.301077,0.798157,-0.034690
34400,314,0.3822,-10.0000,-2.3567,10.0000,31.7611,-0.534022,2.115592,-0.029504
34500,299,0.4114,-10.0000,-1.7726,10.0000,33.3913,-0.534184,2.976252,-0.029198
34600,322,0.3789,-10.0000,-2.4224,10.0000,31.1366,0.069687,1.369782,-0.035434
34700,311,0.3762,-10.0000,-2.4759,10.0000,32.2154,0.136966,1.257070,-0.027837
34800,326,0.3129,-10.0000,-3.7423,10.0000,30.6350,-0.196428,3.238377,-0.031916
34900,314,0.4045,-10.0000,-1.9108,10.0000,31.8726,-0.005161,2.498749,-0.029799
35000,314,0.3758,-10.0000,-2.4841,10.0000,31.7484,-0.344812,1.096028,-0.031640
35100,299,0.4348,-10.0000,-1.3043,10.0000,33.4816,0.526491,0.613191,-0.034082
35200,301,0.4319,-10.0000,-1.3621,10.0000,33.1761,-0.705617,2.289093,-0.028398
35300,293,0.4642,-10.0000,-0.7167,10.0000,34.1263,-0.039462,3.185402,-0.033035
35400,313,0.4313,-10.0000,-1.3738,10.0000,32.0096,-0.133926,1.483767,-0.026571
35500,312,0.4103,-10.0000,-1.7949,10.0000,32.0609,0.122831,1.630490,-0.032116
35600,286,0.5105,-10.0000,0.2098,10.0000,34.9895,0.005244,1.229209,-0.029635
35700,292,0.4966,-10.0000,-0.0685,10.0000,34.2705,0.044580,0.440774,-0.031160
35800,292,0.4623,-10.0000,-0.7534,10.0000,34.2192,0.591816,0.327827,-0.029779
35900,307,0.4267,-10.0000,-1.4658,10.0000,32.5342,0.088508,0.985451,-0.029616
36000,305,0.4328,-10.0000,-1.3443,10.0000,32.7246,-0.024280,0.309429,-0.029958
36100,292,0.4932,-10.0000,-0.1370,10.0000,34.3322,0.133839,1.835402,-0.027529
36200,296,0.4459,-10.0000,-1.0811,10.0000,33.8142,-0.060289,0.612534,-0.027748
36300,287,0.4808,-10.0000,-0.3833,10.0000,34.7038,-0.295974,1.558257,-0.028379
36400,297,0.4781,-10.0000,-0.4377,10.0000,33.7306,-0.093877,4.857000,-0.032139
36500,291,0.4845,-10.0000,-0.3093,10.0000,34.3986,0.395336,5.035275,-0.031347
36600,285,0.5158,-10.0000,0.3158,10.0000,35.0281,0.385900,1.137983,-0.029955
36700,296,0.4628,-10.0000,-0.7432,10.0000,33.9054,-0.259558,1.796889,-0.025966
36800,286,0.4685,-10.0000,-0.6294,10.0000,34.8951,-0.415486,1.396590,-0.032475
36900,291,0.4811,-10.0000,-0.3780,10.0000,34.3093,-0.831979,4.156632,-0.022204
37000,315,0.3778,-10.0000,-2.4444,10.0000,31.8063,0.094647,0.803935,-0.031915
37100,309,0.3981,-10.0000,-2.0388,10.0000,32.4239,0.196678,0.574288,-0.035328
37200,288,0.4757,-10.0000,-0.4861,10.0000,34.6285,-0.232046,1.571558,-0.027530
37300,266,0.5301,-10.0000,0.6015,10.0000,37.5677,-0.422657,6.196774,-0.025442
37400,283,0.5124,-10.0000,0.2473,10.0000,35.3710,-0.012653,2.548131,-0.033578
37500,294,0.4626,-10.0000,-0.7483,10.0000,33.9864,-0.133523,3.076041,-0.026340
37600,309,0.4078,-10.0000,-1.8447,10.0000,32.3883,0.016450,0.272592,-0.030625
37700,299,0.4615,-10.0000,-0.7692,10.0000,33.4247,0.442238,2.854278,-0.033574
37800,287,0.4913,-10.0000,-0.1742,10.0000,34.8885,-0.307279,1.545229,-0.030701
37900,279,0.4946,-10.0000,-0.1075,10.0000,35.8889,0.316105,0.602617,-0.031820
38000,283,0.4770,-10.0000,-0.4594,10.0000,35.2933,-0.795142,1.461746,-0.027111
38100,282,0.5177,-10.0000,0.3546,10.0000,35.5142,0.556056,2.510173,-0.025695
38200,273,0.5568,-10.0000,1.1355,10.0000,36.5788,0.240757,0.428069,-0.030526
38300,284,0.4859,-10.0000,-0.2817,10.0000,35.1092,-0.340712,2.189967,-0.027436
38400,292,0.4623,-10.0000,-0.7534,10.0000,34.3082,-0.649460,1.711721,-0.029969
38500,292,0.4452,-10.0000,-1.0959,10.0000,34.2295,0.302052,0.231781,-0.033161
38600,297,0.4411,-10.0000,-1.1785,10.0000,33.5253,0.364184,2.879990,-0.030878
38700,302,0.4404,-10.0000,-1.1921,10.0000,33.1457,0.352108,0.450130,-0.033093
38800,300,0.4400,-10.0000,-1.2000,10.0000,33.3933,-0.100652,5.885062,-0.033772
38900,296,0.4662,-10.0000,-0.6757,10.0000,33.7432,0.263281,0.550473,-0.029818
39000,289,0.4602,-10.0000,-0.7958,10.0000,34.5433,-0.128417,1.045508,-0.027297
39100,306,0.4314,-10.0000,-1.3725,10.0000,32.8105,-0.832567,3.431599,-0.022151
39200,306,0.4020,-10.0000,-1.9608,10.0000,32.5948,0.212070,1.126563,-0.033450
39300,304,0.4145,-10.0000,-1.7105,10.0000,32.9342,0.323980,0.882933,-0.028146
39400,302,0.4305,-10.0000,-1.3907,10.0000,33.0397,0.071272,0.970718,-0.033654
39500,292,0.4589,-10.0000,-0.8219,10.0000,34.2500,-0.648100,3.154975,-0.021797
39600,277,0.5235,-10.0000,0.4693,10.0000,36.1877,0.049675,1.027877,-0.030307
39700,293,0.4676,-10.0000,-0.6485,10.0000,34.1604,0.380619,0.942819,-0.032170
39800,294,0.4592,-10.0000,-0.8163,10.0000,33.9728,-0.301726,0.998764,-0.029772
39900,298,0.4430,-10.0000,-1.1409,10.0000,33.6040,-0.438088,2.327187,-0.024333
40000,291,0.4674,-10.0000,-0.6529,10.0000,34.3402,0.244152,0.172746,-0.031985
40100,290,0.4759,-10.0000,-0.4828,10.0000,34.4034,0.263627,0.968436,-0.037224
40200,271,0.5498,-10.0000,0.9963,10.0000,36.9041,-0.366826,5.456241,-0.030093
40300,288,0.4688,-10.0000,-0.6250,10.0000,34.6840,0.648496,0.758291,-0.031600
40400,280,0.4964,-10.0000,-0.0714,10.0000,35.8607,0.039681,3.485397,-0.033983
40500,277,0.5162,-10.0000,0.3249,10.0000,35.9603,-0.342379,1.397681,-0.036574
40600,281,0.5196,-10.0000,0.3915,10.0000,35.6655,-0.368344,2.386598,-0.026283
40700,279,0.5090,-10.0000,0.1792,10.0000,35.8925,0.101704,1.143856,-0.031503
40800,273,0.5311,-10.0000,0.6227,10.0000,36.5055,0.444499,0.247101,-0.034900
40900,283,0.4841,-10.0000,-0.3180,10.0000,35.3463,0.528461,0.675386,-0.034988
41000,279,0.5197,-10.0000,0.3943,10.0000,35.9498,-0.087059,0.630706,-0.032051
41100,278,0.4892,-10.0000,-0.2158,10.0000,35.9101,-0.471359,4.300824,-0.026779
41200,275,0.5273,-10.0000,0.5455,10.0000,36.3345,-0.871165,2.692744,-0.025110
41300,287,0.4669,-10.0000,-0.6620,10.0000,34.8641,0.796194,3.062759,-0.032760
41400,274,0.5401,-10.0000,0.8029,10.0000,36.5474,-0.317814,3.361000,-0.025506
41500,277,0.4765,-10.0000,-0.4693,10.0000,36.0469,0.297316,0.706585,-0.032338
41600,278,0.5036,-10.0000,0.0719,10.0000,35.9137,0.567619,0.601152,-0.028929
41700,289,0.4567,-10.0000,-0.8651,10.0000,34.5986,-0.107446,0.341601,-0.032605
41800,274,0.5401,-10.0000,0.8029,10.0000,36.5255,-0.100079,1.080982,-0.035070
41900,273,0.5275,-10.0000,0.5495,10.0000,36.6117,0.641422,0.501717,-0.033702
42000,287,0.5017,-10.0000,0.0348,10.0000,34.9721,-0.597186,3.833594,-0.021910
42100,285,0.4772,-10.0000,-0.4561,10.0000,35.1018,-0.037324,2.753722,-0.030194
42200,281,0.5089,-10.0000,0.1779,10.0000,35.5587,-0.927624,2.655549,-0.027247
42300,274,0.5255,-10.0000,0.5109,10.0000,36.3796,0.512275,2.741865,-0.023851
42400,270,0.5519,-10.0000,1.0370,10.0000,37.0815,0.184802,0.117562,-0.030967
42500,279,0.5125,-10.0000,0.2509,10.0000,35.9104,-0.746960,2.025222,-0.026952
42600,284,0.5317,-10.0000,0.6338,10.0000,35.2113,0.161423,1.516153,-0.029348
42700,284,0.4965,-10.0000,-0.0704,10.0000,35.1162,-0.358903,2.411587,-0.026809
42800,275,0.5273,-10.0000,0.5455,10.0000,36.3636,0.073557,3.165597,-0.029970
42900,280,0.5143,-10.0000,0.2857,10.0000,35.7107,-0.551858,2.206588,-0.026799
43000,285,0.5053,-10.0000,0.1053,10.0000,35.2035,-0.176954,1.873511,-0.029245
