Alice Training On size: w=8, h=8, c=4
batch,num_episodes,win_rate,min_score,avg_score,max_score,avg_length,actor_loss,value_loss,entropy_loss
100,693,0.1833,-10.0000,-6.3348,10.0000,14.4242,0.075003,3.193883,-0.043427
200,624,0.2196,-10.0000,-5.6090,10.0000,16.0208,0.266886,3.776703,-0.042400
300,636,0.2296,-10.0000,-5.4088,10.0000,15.7343,-0.055462,3.719263,-0.043581
400,626,0.2604,-10.0000,-4.7923,10.0000,15.9585,0.276864,5.329914,-0.045172
500,618,0.2265,-10.0000,-5.4693,10.0000,16.2006,0.428557,5.405855,-0.045094
600,630,0.2365,-10.0000,-5.2698,10.0000,15.8571,0.920361,2.210757,-0.039474
700,682,0.2067,-10.0000,-5.8651,10.0000,14.6906,0.272474,5.121035,-0.041092
800,616,0.2305,-10.0000,-5.3896,10.0000,16.2175,0.050076,5.234499,-0.047080
900,608,0.2648,-10.0000,-4.7039,10.0000,16.4326,-0.037786,3.131472,-0.041012
1000,595,0.2824,-10.0000,-4.3529,10.0000,16.8403,-0.041994,2.877236,-0.040606
1100,578,0.3010,-10.0000,-3.9792,10.0000,17.3028,-0.348745,3.631256,-0.040827
1200,587,0.2692,-10.0000,-4.6167,10.0000,17.0341,-0.049786,3.229266,-0.037456
1300,608,0.2697,-10.0000,-4.6053,10.0000,16.3997,0.229701,5.421125,-0.040896
1400,584,0.2997,-10.0000,-4.0068,10.0000,17.1524,0.179745,3.387486,-0.042077
1500,636,0.2217,-10.0000,-5.5660,10.0000,15.7390,0.728166,2.076886,-0.039784
1600,587,0.2777,-10.0000,-4.4463,10.0000,17.0017,0.291061,4.551708,-0.042298
1700,591,0.2809,-10.0000,-4.3824,10.0000,16.9069,0.310988,2.426580,-0.040994
1800,657,0.2116,-10.0000,-5.7686,10.0000,15.2588,0.099812,3.627458,-0.047616
1900,624,0.2468,-10.0000,-5.0641,10.0000,16.0176,0.018482,3.549336,-0.042924
2000,606,0.2574,-10.0000,-4.8515,10.0000,16.4983,0.196792,2.640915,-0.043257
2100,637,0.2198,-10.0000,-5.6044,10.0000,15.6986,0.163809,6.114096,-0.043671
2200,609,0.2414,-10.0000,-5.1724,10.0000,16.4171,0.095767,3.931602,-0.042727
2300,621,0.2319,-10.0000,-5.3623,10.0000,16.0580,-0.193506,5.153904,-0.044419
2400,573,0.2862,-10.0000,-4.2757,10.0000,17.4590,0.194250,6.662291,-0.047027
2500,637,0.2292,-10.0000,-5.4160,10.0000,15.7159,0.378875,6.960305,-0.047957
2600,625,0.2384,-10.0000,-5.2320,10.0000,15.9872,0.153924,4.025028,-0.043911
2700,605,0.2430,-10.0000,-5.1405,10.0000,16.5669,-0.228994,4.543345,-0.042311
2800,573,0.2845,-10.0000,-4.3106,10.0000,17.3979,-0.022729,4.196068,-0.040982
2900,622,0.2363,-10.0000,-5.2733,10.0000,16.0884,0.005113,4.015351,-0.041635
3000,594,0.2677,-10.0000,-4.6465,10.0000,16.8367,0.399186,7.964321,-0.044125
3100,582,0.2732,-10.0000,-4.5361,10.0000,17.2182,0.246896,3.421249,-0.040401
3200,611,0.2553,-10.0000,-4.8936,10.0000,16.3339,0.141406,5.306686,-0.042713
3300,616,0.2386,-10.0000,-5.2273,10.0000,16.2597,0.529081,5.305250,-0.045628
3400,587,0.2572,-10.0000,-4.8552,10.0000,17.0102,0.225371,4.274252,-0.041683
3500,595,0.2538,-10.0000,-4.9244,10.0000,16.7950,0.187317,5.693007,-0.042734
3600,564,0.2961,-10.0000,-4.0780,10.0000,17.7482,-0.110400,3.626206,-0.038288
3700,611,0.2750,-10.0000,-4.5008,10.0000,16.3944,0.335158,3.752203,-0.036890
3800,571,0.3065,-10.0000,-3.8704,10.0000,17.4869,0.430375,7.430845,-0.035607
3900,598,0.2742,-10.0000,-4.5151,10.0000,16.7324,0.012494,3.529384,-0.037249
4000,594,0.2946,-10.0000,-4.1077,10.0000,16.8232,0.420896,2.371732,-0.033351
4100,564,0.2979,-10.0000,-4.0426,10.0000,17.7092,0.627268,2.978835,-0.029571
4200,566,0.2933,-10.0000,-4.1343,10.0000,17.7173,0.023556,4.092133,-0.033130
4300,566,0.2756,-10.0000,-4.4876,10.0000,17.6219,0.003475,1.991341,-0.033584
4400,577,0.2912,-10.0000,-4.1768,10.0000,17.3692,-0.183136,2.652053,-0.033525
4500,594,0.2391,-10.0000,-5.2189,10.0000,16.8434,-0.310706,4.211980,-0.038707
4600,557,0.2998,-10.0000,-4.0036,10.0000,17.9354,0.296238,3.520585,-0.035663
4700,556,0.2968,-10.0000,-4.0647,10.0000,17.9964,0.315545,4.988084,-0.035740
4800,567,0.2910,-10.0000,-4.1799,10.0000,17.6384,0.288035,4.052588,-0.033039
4900,580,0.2655,-10.0000,-4.6897,10.0000,17.2017,-0.138507,4.992301,-0.037742
5000,553,0.3074,-10.0000,-3.8517,10.0000,18.0850,0.307354,2.526636,-0.033859
5100,572,0.2850,-10.0000,-4.3007,10.0000,17.5105,-0.105128,2.118411,-0.034312
5200,591,0.2589,-10.0000,-4.8223,10.0000,16.9239,-0.043684,3.961876,-0.035766
5300,589,0.2750,-10.0000,-4.4992,10.0000,16.9898,-0.044354,2.794066,-0.034449
5400,614,0.2573,-10.0000,-4.8534,10.0000,16.2557,0.467223,5.007634,-0.038249
5500,590,0.2441,-10.0000,-5.1186,10.0000,16.9627,0.349009,6.503759,-0.042750
5600,564,0.2801,-10.0000,-4.3972,10.0000,17.7057,0.025356,3.995503,-0.038940
5700,583,0.2796,-10.0000,-4.4082,10.0000,17.1904,-0.148537,3.382250,-0.037260
5800,551,0.3285,-10.0000,-3.4301,10.0000,18.1525,0.308642,1.998448,-0.033441
5900,575,0.2713,-10.0000,-4.5739,10.0000,17.3617,0.493210,3.491980,-0.032952
6000,554,0.3105,-10.0000,-3.7906,10.0000,18.0722,0.047784,2.858371,-0.036168
6100,576,0.2865,-10.0000,-4.2708,10.0000,17.3229,-0.029878,3.815457,-0.034288
6200,575,0.2922,-10.0000,-4.1565,10.0000,17.4296,-0.032430,2.739875,-0.035202
6300,570,0.3018,-10.0000,-3.9649,10.0000,17.5333,-0.110450,3.559033,-0.035313
6400,575,0.2835,-10.0000,-4.3304,10.0000,17.3861,-0.202772,2.245108,-0.034137
6500,563,0.2895,-10.0000,-4.2096,10.0000,17.7833,-0.013984,4.908020,-0.035271
6600,541,0.3216,-10.0000,-3.5675,10.0000,18.4362,-0.103916,1.637658,-0.031762
6700,569,0.2865,-10.0000,-4.2707,10.0000,17.5888,0.157538,3.299380,-0.033919
6800,565,0.2920,-10.0000,-4.1593,10.0000,17.7027,0.155997,3.749969,-0.035020
6900,551,0.3103,-10.0000,-3.7931,10.0000,18.1797,0.294172,3.114648,-0.031167
7000,563,0.3020,-10.0000,-3.9609,10.0000,17.7496,0.198946,6.391440,-0.035557
7100,557,0.2944,-10.0000,-4.1113,10.0000,17.9659,0.028947,1.805630,-0.028740
7200,551,0.2940,-10.0000,-4.1198,10.0000,18.1325,0.146869,2.806557,-0.032779
7300,532,0.3346,-10.0000,-3.3083,10.0000,18.7744,0.418400,3.121468,-0.033541
7400,556,0.3004,-10.0000,-3.9928,10.0000,17.9820,0.373814,1.540216,-0.030801
7500,540,0.3204,-10.0000,-3.5926,10.0000,18.5556,-0.395556,2.435843,-0.030915
7600,558,0.2832,-10.0000,-4.3369,10.0000,17.9158,-0.183512,5.446723,-0.030927
7700,534,0.3015,-10.0000,-3.9700,10.0000,18.7322,-0.082568,5.172903,-0.031326
7800,580,0.2724,-10.0000,-4.5517,10.0000,17.2397,0.323478,4.038507,-0.030395
7900,553,0.2966,-10.0000,-4.0687,10.0000,18.0886,-0.102343,2.899476,-0.032919
8000,562,0.2829,-10.0000,-4.3416,10.0000,17.7954,-0.022501,3.539881,-0.033797
8100,549,0.2878,-10.0000,-4.2441,10.0000,18.2004,0.017849,2.945782,-0.030777
8200,561,0.2923,-10.0000,-4.1533,10.0000,17.8414,-0.120169,3.420484,-0.033522
8300,565,0.2566,-10.0000,-4.8673,10.0000,17.6832,0.208892,3.150613,-0.036813
8400,567,0.2928,-10.0000,-4.1446,10.0000,17.6473,0.051879,5.393452,-0.039058
8500,560,0.2768,-10.0000,-4.4643,10.0000,17.8232,-0.159703,3.056282,-0.038623
8600,591,0.2555,-10.0000,-4.8900,10.0000,16.9391,0.081177,6.643847,-0.042074
8700,573,0.2583,-10.0000,-4.8342,10.0000,17.4346,-0.571822,2.120931,-0.038745
8800,588,0.2432,-10.0000,-5.1361,10.0000,17.0272,0.394042,4.886941,-0.038880
8900,595,0.2437,-10.0000,-5.1261,10.0000,16.8185,0.103736,3.001840,-0.039232
9000,577,0.2756,-10.0000,-4.4887,10.0000,17.3154,-0.117558,1.747874,-0.037967
9100,572,0.2797,-10.0000,-4.4056,10.0000,17.4790,0.590581,2.967023,-0.036755
9200,536,0.3078,-10.0000,-3.8433,10.0000,18.6810,0.410362,7.465393,-0.042002
9300,594,0.2559,-10.0000,-4.8822,10.0000,16.8266,0.058500,5.211274,-0.041526
9400,564,0.2908,-10.0000,-4.1844,10.0000,17.7270,0.233445,5.466838,-0.041686
9500,588,0.2602,-10.0000,-4.7959,10.0000,17.0187,0.188632,5.314054,-0.040264
9600,582,0.2766,-10.0000,-4.4674,10.0000,17.1787,0.457151,6.992831,-0.039799
9700,583,0.2384,-10.0000,-5.2316,10.0000,17.1561,0.072893,3.365195,-0.037637
9800,563,0.2753,-10.0000,-4.4938,10.0000,17.7353,0.161909,5.129690,-0.038236
9900,551,0.2595,-10.0000,-4.8094,10.0000,18.1779,0.233565,5.858956,-0.035103
10000,563,0.2789,-10.0000,-4.4227,10.0000,17.7371,0.465570,4.324011,-0.034117
10100,556,0.2842,-10.0000,-4.3165,10.0000,17.9874,0.052655,4.996405,-0.037299
10200,575,0.2643,-10.0000,-4.7130,10.0000,17.3930,0.419567,5.120094,-0.036613
10300,556,0.2932,-10.0000,-4.1367,10.0000,17.9874,0.150700,2.423193,-0.036433
10400,549,0.2769,-10.0000,-4.4627,10.0000,18.2259,0.184547,7.699056,-0.041191
10500,554,0.2798,-10.0000,-4.4043,10.0000,18.0415,0.151158,3.294760,-0.035912
10600,544,0.2794,-10.0000,-4.4118,10.0000,18.3915,0.209339,4.519051,-0.035442
10700,536,0.3078,-10.0000,-3.8433,10.0000,18.6399,0.064196,2.568025,-0.037664
10800,541,0.2773,-10.0000,-4.4547,10.0000,18.4603,0.315761,3.576301,-0.036294
10900,533,0.3077,-10.0000,-3.8462,10.0000,18.7824,0.247129,6.540151,-0.036855
11000,536,0.3041,-10.0000,-3.9179,10.0000,18.6716,0.243801,4.774594,-0.036811
11100,536,0.2799,-10.0000,-4.4030,10.0000,18.6511,0.440424,5.619888,-0.034540
11200,533,0.2946,-10.0000,-4.1088,10.0000,18.7317,0.441834,1.493170,-0.035628
11300,546,0.2894,-10.0000,-4.2125,10.0000,18.3553,0.513098,7.047413,-0.037506
11400,537,0.3035,-10.0000,-3.9292,10.0000,18.6164,0.684702,5.457355,-0.034196
11500,565,0.2850,-10.0000,-4.3009,10.0000,17.6708,0.817703,4.228304,-0.034826
11600,534,0.3071,-10.0000,-3.8577,10.0000,18.7547,-0.068994,3.610482,-0.033669
11700,546,0.2821,-10.0000,-4.3590,10.0000,18.2912,0.069020,2.755268,-0.033719
11800,517,0.3114,-10.0000,-3.7718,10.0000,19.3752,-0.032958,4.240740,-0.034270
11900,526,0.2947,-10.0000,-4.1065,10.0000,18.9848,-0.030202,3.964345,-0.039612
12000,520,0.3231,-10.0000,-3.5385,10.0000,19.2538,0.134071,4.376822,-0.038609
12100,546,0.2711,-10.0000,-4.5788,10.0000,18.2875,-0.112027,4.022512,-0.038647
12200,529,0.2987,-10.0000,-4.0265,10.0000,18.9055,-0.011976,4.597564,-0.037892
12300,508,0.3130,-10.0000,-3.7402,10.0000,19.6673,0.171756,1.663582,-0.033636
12400,531,0.2994,-10.0000,-4.0113,10.0000,18.8757,0.220913,3.101838,-0.034106
12500,522,0.3123,-10.0000,-3.7548,10.0000,19.1226,0.294055,5.441635,-0.039817
12600,536,0.3153,-10.0000,-3.6940,10.0000,18.6866,-0.031816,3.393989,-0.036540
12700,552,0.2699,-10.0000,-4.6014,10.0000,18.0906,0.362129,2.743768,-0.035139
12800,554,0.2690,-10.0000,-4.6209,10.0000,18.0758,-0.083919,3.719356,-0.035732
12900,536,0.3060,-10.0000,-3.8806,10.0000,18.6138,0.357295,6.764431,-0.037490
13000,553,0.2477,-10.0000,-5.0452,10.0000,18.0814,-0.032778,2.070229,-0.036265
13100,547,0.2943,-10.0000,-4.1133,10.0000,18.3163,0.018916,5.281403,-0.038545
13200,557,0.2729,-10.0000,-4.5422,10.0000,17.9354,-0.020092,5.128364,-0.038549
13300,518,0.3224,-10.0000,-3.5521,10.0000,19.3320,-0.428887,3.674155,-0.035268
13400,550,0.2927,-10.0000,-4.1455,10.0000,18.1800,0.123609,2.561215,-0.034337
13500,492,0.3699,-10.0000,-2.6016,10.0000,20.3028,0.606102,0.984641,-0.033113
13600,530,0.3019,-10.0000,-3.9623,10.0000,18.8774,0.017025,2.723286,-0.034725
13700,504,0.3353,-10.0000,-3.2937,10.0000,19.8175,0.001196,3.427279,-0.035292
13800,494,0.3381,-10.0000,-3.2389,10.0000,20.2571,0.682727,5.807034,-0.036274
13900,525,0.2914,-10.0000,-4.1714,10.0000,19.0267,0.429803,4.041693,-0.035422
14000,535,0.2935,-10.0000,-4.1308,10.0000,18.6897,0.272217,1.441338,-0.033324
14100,511,0.3151,-10.0000,-3.6986,10.0000,19.6067,0.553507,7.549829,-0.036596
14200,524,0.3225,-10.0000,-3.5496,10.0000,19.0744,-0.134661,2.195715,-0.033819
14300,547,0.2943,-10.0000,-4.1133,10.0000,18.2870,-0.201116,3.036140,-0.033611
14400,520,0.3365,-10.0000,-3.2692,10.0000,19.1923,-0.233125,4.573733,-0.031911
14500,542,0.2712,-10.0000,-4.5756,10.0000,18.4723,0.006610,5.098807,-0.034142
14600,535,0.3271,-10.0000,-3.4579,10.0000,18.6972,0.185013,1.728629,-0.035288
14700,526,0.3289,-10.0000,-3.4221,10.0000,19.0266,0.116065,3.481357,-0.034257
14800,543,0.2928,-10.0000,-4.1436,10.0000,18.4180,0.191533,5.132334,-0.037904
14900,560,0.2821,-10.0000,-4.3571,10.0000,17.8214,0.459177,1.576051,-0.034140
15000,540,0.3037,-10.0000,-3.9259,10.0000,18.5574,-0.075335,2.948148,-0.034686
15100,545,0.3046,-10.0000,-3.9083,10.0000,18.3193,0.109757,1.996525,-0.033957
15200,520,0.3385,-10.0000,-3.2308,10.0000,19.2385,0.071847,1.623899,-0.033565
15300,563,0.2789,-10.0000,-4.4227,10.0000,17.7904,-0.138639,3.169214,-0.032437
15400,543,0.2910,-10.0000,-4.1805,10.0000,18.3923,0.422214,3.742249,-0.034171
15500,545,0.2917,-10.0000,-4.1651,10.0000,18.3725,-0.014025,5.528451,-0.037405
15600,532,0.3233,-10.0000,-3.5338,10.0000,18.7914,0.323575,1.307109,-0.032079
15700,531,0.3202,-10.0000,-3.5970,10.0000,18.8286,0.408154,5.179014,-0.036280
15600,545,0.3119,-10.0000,-3.7615,10.0000,18.3339,0.096297,4.266746,-0.039227
15700,541,0.3050,-10.0000,-3.9002,10.0000,18.4603,0.569013,7.879120,-0.038221
15800,544,0.2978,-10.0000,-4.0441,10.0000,18.4044,0.175491,7.340495,-0.036209
15900,526,0.3137,-10.0000,-3.7262,10.0000,19.0228,-0.318676,3.121864,-0.034499
16000,550,0.2727,-10.0000,-4.5455,10.0000,18.1564,-0.064593,2.672654,-0.037609
16100,547,0.2962,-10.0000,-4.0768,10.0000,18.2633,0.208159,1.669442,-0.034376
16200,565,0.2850,-10.0000,-4.3009,10.0000,17.7062,0.387099,3.733223,-0.034334
16300,549,0.2969,-10.0000,-4.0619,10.0000,18.2441,0.124326,1.991555,-0.030939
16400,555,0.3027,-10.0000,-3.9459,10.0000,18.0252,0.214960,5.289691,-0.035933
16500,546,0.3114,-10.0000,-3.7729,10.0000,18.3095,0.163578,4.724665,-0.034477
16600,543,0.3057,-10.0000,-3.8858,10.0000,18.3886,0.055313,4.822809,-0.036885
16700,580,0.2724,-10.0000,-4.5517,10.0000,17.2690,-0.063849,3.386378,-0.037674
16800,534,0.3034,-10.0000,-3.9326,10.0000,18.7079,-0.061882,1.890103,-0.035046
16900,549,0.3115,-10.0000,-3.7705,10.0000,18.2186,0.328695,6.229156,-0.039067
17000,558,0.3172,-10.0000,-3.6559,10.0000,17.9104,-0.207550,1.198779,-0.035885
17100,557,0.2926,-10.0000,-4.1472,10.0000,17.9749,0.266499,5.034477,-0.037504
17200,534,0.3146,-10.0000,-3.7079,10.0000,18.7172,0.723936,5.858256,-0.033515
17300,550,0.3200,-10.0000,-3.6000,10.0000,18.1873,-0.212987,1.942019,-0.036583
17400,518,0.3514,-10.0000,-2.9730,10.0000,19.3147,0.066931,2.842160,-0.032902
17500,507,0.3195,-10.0000,-3.6095,10.0000,19.7081,0.124525,3.851505,-0.034324
17600,511,0.3483,-10.0000,-3.0333,10.0000,19.5871,-0.217242,2.718101,-0.035278
17700,517,0.3308,-10.0000,-3.3849,10.0000,19.3462,-0.063478,1.195395,-0.031412
17800,523,0.3365,-10.0000,-3.2696,10.0000,19.1071,0.076585,3.464828,-0.033339
17900,540,0.2926,-10.0000,-4.1481,10.0000,18.5167,-0.191489,1.802109,-0.036804
18000,487,0.3696,-10.0000,-2.6078,10.0000,20.5462,0.498008,5.609313,-0.031378
18100,497,0.3501,-10.0000,-2.9980,10.0000,20.1046,-0.178145,0.994033,-0.028109
18200,491,0.3401,-10.0000,-3.1976,10.0000,20.3788,-0.242255,2.730958,-0.032259
18300,505,0.3386,-10.0000,-3.2277,10.0000,19.7980,0.102785,5.712396,-0.034545
18400,496,0.3589,-10.0000,-2.8226,10.0000,20.1230,0.399429,2.937949,-0.032338
18500,486,0.3765,-10.0000,-2.4691,10.0000,20.6070,-0.151179,5.796620,-0.036684
18600,500,0.3500,-10.0000,-3.0000,10.0000,19.9820,0.164558,3.938987,-0.032877
18700,492,0.3455,-10.0000,-3.0894,10.0000,20.3333,0.172800,1.610459,-0.032114
18800,496,0.3548,-10.0000,-2.9032,10.0000,20.1835,0.229799,1.598665,-0.029654
18900,490,0.3551,-10.0000,-2.8980,10.0000,20.4102,-0.206886,0.971335,-0.029064
19000,532,0.3233,-10.0000,-3.5338,10.0000,18.7932,-0.112106,3.808063,-0.036784
19100,517,0.3656,-10.0000,-2.6886,10.0000,19.3443,0.280121,7.396753,-0.034050
19200,544,0.3088,-10.0000,-3.8235,10.0000,18.3493,0.130185,1.697496,-0.031754
19300,544,0.3015,-10.0000,-3.9706,10.0000,18.3952,-0.379573,2.022373,-0.034400
19400,524,0.3282,-10.0000,-3.4351,10.0000,19.1088,0.203003,4.364276,-0.032375
19500,506,0.3597,-10.0000,-2.8063,10.0000,19.7253,0.106966,4.070402,-0.035809
19600,515,0.3243,-10.0000,-3.5146,10.0000,19.4019,-0.663209,4.762058,-0.033928
19700,512,0.3242,-10.0000,-3.5156,10.0000,19.5371,0.271589,4.078792,-0.031526
19800,523,0.3021,-10.0000,-3.9579,10.0000,19.1262,-0.056065,1.298235,-0.028600
19900,499,0.3487,-10.0000,-3.0261,10.0000,19.9900,0.469818,3.062603,-0.031689
20000,484,0.3760,-10.0000,-2.4793,10.0000,20.6983,0.110290,6.015155,-0.030205
20100,501,0.3473,-10.0000,-3.0539,10.0000,19.9621,-0.321286,3.342788,-0.033707
20200,462,0.4026,-10.0000,-1.9481,10.0000,21.6602,0.197200,5.186685,-0.032300
20300,510,0.3294,-10.0000,-3.4118,10.0000,19.5529,0.553426,1.446293,-0.031628
20400,500,0.3500,-10.0000,-3.0000,10.0000,20.0480,-0.079529,3.500181,-0.033832
20500,490,0.3510,-10.0000,-2.9796,10.0000,20.3735,0.305616,4.546807,-0.034339
20600,510,0.3373,-10.0000,-3.2549,10.0000,19.5941,0.034723,5.010106,-0.033414
20700,508,0.3130,-10.0000,-3.7402,10.0000,19.7303,-0.195015,3.436830,-0.028730
20800,507,0.3156,-10.0000,-3.6884,10.0000,19.6903,0.144666,1.847215,-0.031967
20900,533,0.2664,-10.0000,-4.6717,10.0000,18.7955,-0.124632,1.809919,-0.030174
21000,520,0.2885,-10.0000,-4.2308,10.0000,19.2288,-0.019492,2.910783,-0.033892
21100,509,0.3281,-10.0000,-3.4381,10.0000,19.6228,0.074097,3.271514,-0.034540
21200,521,0.2975,-10.0000,-4.0499,10.0000,19.1766,0.100338,3.594911,-0.033080
21300,506,0.3557,-10.0000,-2.8854,10.0000,19.7984,-0.208256,4.001692,-0.035439
21400,520,0.3442,-10.0000,-3.1154,10.0000,19.2346,-0.520884,3.612015,-0.032656
21500,519,0.3237,-10.0000,-3.5260,10.0000,19.2100,0.198176,3.508443,-0.029878
21600,475,0.3621,-10.0000,-2.7579,10.0000,21.1011,0.059469,3.861761,-0.029941
21700,498,0.3414,-10.0000,-3.1727,10.0000,20.0904,-0.035281,4.751619,-0.036027
21800,518,0.3205,-10.0000,-3.5907,10.0000,19.2838,0.007077,3.731760,-0.033380
21900,478,0.3828,-10.0000,-2.3431,10.0000,20.9477,-0.127795,4.357463,-0.033594
22000,487,0.3491,-10.0000,-3.0185,10.0000,20.5359,0.164306,3.312573,-0.032182
22100,496,0.3367,-10.0000,-3.2661,10.0000,20.1210,0.090383,2.275224,-0.032757
22200,501,0.3293,-10.0000,-3.4132,10.0000,19.9860,-0.128469,6.675781,-0.032991
22300,511,0.3346,-10.0000,-3.3072,10.0000,19.5225,0.103709,2.929483,-0.031719
22400,508,0.3209,-10.0000,-3.5827,10.0000,19.7165,0.220855,4.358253,-0.034373
22500,511,0.3346,-10.0000,-3.3072,10.0000,19.5969,-0.509999,4.567842,-0.032916
22600,504,0.3254,-10.0000,-3.4921,10.0000,19.8413,-0.268626,2.063385,-0.031847
22700,486,0.3477,-10.0000,-3.0453,10.0000,20.5782,0.116288,6.324975,-0.031221
22800,492,0.3577,-10.0000,-2.8455,10.0000,20.2683,0.122026,2.867877,-0.032345
22900,518,0.3031,-10.0000,-3.9382,10.0000,19.3069,0.133358,1.551332,-0.032541
23000,519,0.3256,-10.0000,-3.4875,10.0000,19.3179,-0.313169,2.608011,-0.035757
23100,504,0.3571,-10.0000,-2.8571,10.0000,19.8115,0.176192,3.373464,-0.034335
23200,521,0.3129,-10.0000,-3.7428,10.0000,19.2150,0.326500,2.802133,-0.032495
23300,508,0.3425,-10.0000,-3.1496,10.0000,19.6929,0.028703,2.595675,-0.030778
23400,502,0.3327,-10.0000,-3.3466,10.0000,19.8625,-0.217810,4.319197,-0.035872
23500,512,0.3184,-10.0000,-3.6328,10.0000,19.5840,0.334819,3.981751,-0.033715
23600,482,0.3672,-10.0000,-2.6556,10.0000,20.7407,0.243494,1.914424,-0.030149
23700,516,0.3275,-10.0000,-3.4496,10.0000,19.3643,0.032741,2.188061,-0.033225
23800,489,0.3517,-10.0000,-2.9652,10.0000,20.4724,-0.075749,3.520288,-0.032309
23900,501,0.3553,-10.0000,-2.8942,10.0000,19.9361,0.304460,4.088121,-0.034188
24000,492,0.3679,-10.0000,-2.6423,10.0000,20.3211,0.225250,1.120598,-0.033551
24100,484,0.3967,-10.0000,-2.0661,10.0000,20.6570,0.421070,3.845708,-0.032954
24200,489,0.3558,-10.0000,-2.8834,10.0000,20.4458,-0.041470,3.356301,-0.031886
24300,502,0.3446,-10.0000,-3.1076,10.0000,19.9522,0.081994,4.162340,-0.036445
24400,490,0.3816,-10.0000,-2.3673,10.0000,20.4061,-0.566361,5.636283,-0.032369
24500,490,0.3633,-10.0000,-2.7347,10.0000,20.3571,0.038249,4.651416,-0.033216
24600,486,0.3765,-10.0000,-2.4691,10.0000,20.5864,0.432831,3.490797,-0.030958
24700,465,0.4129,-10.0000,-1.7419,10.0000,21.5312,0.399397,3.040048,-0.031718
24800,469,0.4072,-10.0000,-1.8550,10.0000,21.3049,-0.087670,1.700928,-0.032532
24900,465,0.4065,-10.0000,-1.8710,10.0000,21.5527,-0.089195,1.028827,-0.029098
25000,478,0.3849,-10.0000,-2.3013,10.0000,20.9121,0.608241,2.050451,-0.030217
25100,482,0.3797,-10.0000,-2.4066,10.0000,20.7469,-0.045523,2.636826,-0.031188
25200,488,0.3545,-10.0000,-2.9098,10.0000,20.4836,-0.084339,1.529485,-0.029066
25300,465,0.4129,-10.0000,-1.7419,10.0000,21.5204,-0.603261,4.069397,-0.029630
25400,469,0.3902,-10.0000,-2.1962,10.0000,21.2623,-0.030190,4.003338,-0.032504
25500,461,0.4078,-10.0000,-1.8438,10.0000,21.7202,-0.163848,3.641467,-0.033579
25600,481,0.3929,-10.0000,-2.1414,10.0000,20.8191,-0.086732,3.789668,-0.034907
25700,491,0.3666,-10.0000,-2.6680,10.0000,20.3564,-0.130148,4.572619,-0.033168
25800,472,0.3856,-10.0000,-2.2881,10.0000,21.1843,-0.279326,5.365930,-0.029575
25900,476,0.3803,-10.0000,-2.3950,10.0000,20.9916,0.160407,2.375493,-0.032222
26000,469,0.3838,-10.0000,-2.3241,10.0000,21.3092,0.079007,1.054501,-0.030105
26100,449,0.4209,-10.0000,-1.5813,10.0000,22.3096,-0.614685,1.813625,-0.026039
26200,458,0.4258,-10.0000,-1.4847,10.0000,21.8035,0.079048,5.438496,-0.026472
26300,439,0.4533,-10.0000,-0.9339,10.0000,22.7813,-0.117838,2.068745,-0.025071
26400,442,0.4412,-10.0000,-1.1765,10.0000,22.6244,0.033350,2.465105,-0.031094
26500,448,0.4464,-10.0000,-1.0714,10.0000,22.3125,-0.423080,4.322739,-0.027677
26600,426,0.4906,-10.0000,-0.1878,10.0000,23.5094,-0.099639,2.647435,-0.027314
26700,427,0.4660,-10.0000,-0.6792,10.0000,23.4333,-0.475405,3.376054,-0.025673
26800,427,0.4731,-10.0000,-0.5386,10.0000,23.3653,-0.013143,3.702438,-0.027003
26900,418,0.4928,-10.0000,-0.1435,10.0000,23.9306,0.407978,1.025541,-0.026104
27000,411,0.5061,-10.0000,0.1217,10.0000,24.3212,-0.226943,2.000172,-0.019618
27100,411,0.5012,-10.0000,0.0243,10.0000,24.3820,-0.379500,3.168863,-0.021797
27200,431,0.4571,-10.0000,-0.8585,10.0000,23.1856,-0.557966,5.665214,-0.024202
27300,405,0.5630,-10.0000,1.2593,10.0000,24.6568,-0.372960,5.422533,-0.025712
27400,398,0.5754,-10.0000,1.5075,10.0000,25.1784,-0.280508,2.429511,-0.024592
27500,410,0.5244,-10.0000,0.4878,10.0000,24.3927,0.226422,1.550275,-0.022290
27600,413,0.5448,-10.0000,0.8959,10.0000,24.2203,0.317542,1.631455,-0.023892
27700,409,0.5183,-10.0000,0.3667,10.0000,24.3985,0.302579,2.221763,-0.025268
27800,405,0.5605,-10.0000,1.2099,10.0000,24.7037,0.387199,0.361891,-0.025268
27900,399,0.5689,-10.0000,1.3784,10.0000,25.0852,0.075597,2.820739,-0.026566
28000,404,0.5347,-10.0000,0.6931,10.0000,24.7698,-0.086860,3.494770,-0.024486
28100,380,0.6368,-10.0000,2.7368,10.0000,26.3105,0.132970,0.746756,-0.024382
28200,391,0.6010,-10.0000,2.0205,10.0000,25.5499,-0.096380,4.491428,-0.025048
28300,393,0.6107,-10.0000,2.2137,10.0000,25.4478,-0.041909,0.766793,-0.021840
28400,400,0.5925,-10.0000,1.8500,10.0000,25.0025,-0.172044,3.233644,-0.020598
28500,394,0.6193,-10.0000,2.3858,10.0000,25.3934,0.267538,3.163277,-0.022407
28600,397,0.5919,-10.0000,1.8388,10.0000,25.1461,0.310842,1.284860,-0.021298
28700,393,0.6158,-10.0000,2.3155,10.0000,25.4682,0.053576,1.905018,-0.019709
28800,420,0.5429,-10.0000,0.8571,10.0000,23.8024,-0.597951,2.750920,-0.019588
28900,394,0.6193,-10.0000,2.3858,10.0000,25.3503,0.199821,0.205612,-0.020396
29000,382,0.6623,-10.0000,3.2461,10.0000,26.2356,0.172287,3.933350,-0.019157
29100,377,0.6844,-10.0000,3.6870,10.0000,26.4801,-0.301794,2.264231,-0.018757
29200,380,0.6605,-10.0000,3.2105,10.0000,26.3263,0.359905,5.184275,-0.023321
29300,382,0.6466,-10.0000,2.9319,10.0000,26.2147,-0.199068,6.033003,-0.023578
29400,380,0.6553,-10.0000,3.1053,10.0000,26.3263,0.043546,3.254905,-0.021612
29500,381,0.6693,-10.0000,3.3858,10.0000,26.1864,0.003277,1.476455,-0.023504
29600,380,0.6789,-10.0000,3.5789,10.0000,26.3711,-0.044809,2.361896,-0.023968
29700,383,0.6449,-10.0000,2.8982,10.0000,26.0862,-0.180166,3.731268,-0.015731
29800,377,0.6764,-10.0000,3.5279,10.0000,26.5093,0.112924,1.741035,-0.020673
29900,376,0.6782,-10.0000,3.5638,10.0000,26.5665,0.741264,0.042393,-0.020390
30000,370,0.7108,-10.0000,4.2162,10.0000,27.0811,-0.446446,0.285890,-0.017390
30100,383,0.6475,-10.0000,2.9504,10.0000,26.1044,-0.264359,1.666196,-0.020573
30200,358,0.7458,-10.0000,4.9162,10.0000,27.8883,-0.571163,3.060982,-0.016157
30300,366,0.7131,-10.0000,4.2623,10.0000,27.3525,0.187176,1.165327,-0.019527
30400,366,0.7322,-10.0000,4.6448,10.0000,27.3251,0.080190,3.502073,-0.019736
30500,375,0.6640,-10.0000,3.2800,10.0000,26.6400,-0.156504,1.705730,-0.020381
30600,372,0.6774,-10.0000,3.5484,10.0000,26.8414,0.473623,0.052212,-0.022925
30700,376,0.6649,-10.0000,3.2979,10.0000,26.6596,0.258028,2.419206,-0.022762
30800,364,0.7253,-10.0000,4.5055,10.0000,27.4835,0.324335,3.388568,-0.021173
30900,362,0.7265,-10.0000,4.5304,10.0000,27.5663,0.504770,0.047834,-0.018738
31000,366,0.7049,-10.0000,4.0984,10.0000,27.3798,0.031713,3.659875,-0.020529
31100,368,0.7120,-10.0000,4.2391,10.0000,27.1712,-0.185556,0.041949,-0.019754
31200,368,0.6984,-10.0000,3.9674,10.0000,27.1603,-0.130827,0.029327,-0.017244
31300,369,0.7046,-10.0000,4.0921,10.0000,27.1003,0.266077,1.668799,-0.018869
31400,367,0.7166,-10.0000,4.3324,10.0000,27.1907,-0.106555,1.134730,-0.016505
31500,361,0.7535,-10.0000,5.0693,10.0000,27.7452,-0.505420,0.107560,-0.014746
31600,354,0.7768,-10.0000,5.5367,10.0000,28.2684,0.019124,3.305418,-0.016356
31700,361,0.7368,-10.0000,4.7368,10.0000,27.6981,-0.079185,1.186067,-0.015197
31800,363,0.7383,-10.0000,4.7658,10.0000,27.5482,0.057136,2.176642,-0.012595
31900,367,0.7384,-10.0000,4.7684,10.0000,27.2207,-0.131118,1.531764,-0.016601
32000,381,0.6850,-10.0000,3.7008,10.0000,26.2835,-0.146742,0.083741,-0.016156
32100,372,0.7097,-10.0000,4.1935,10.0000,26.8629,-0.061427,0.847780,-0.019110
32200,376,0.7074,-10.0000,4.1489,10.0000,26.5452,0.246585,2.141423,-0.017351
32300,375,0.6987,-10.0000,3.9733,10.0000,26.7253,-0.164395,3.237889,-0.015932
32400,377,0.6976,-10.0000,3.9523,10.0000,26.4828,0.007745,0.018395,-0.016664
32500,357,0.7787,-10.0000,5.5742,10.0000,28.0196,0.172056,0.031476,-0.015827
32600,372,0.7177,-10.0000,4.3548,10.0000,26.9382,0.085711,1.363244,-0.013641
32700,360,0.7472,-10.0000,4.9444,10.0000,27.7056,-0.176525,0.046025,-0.013871
32800,357,0.7647,-10.0000,5.2941,10.0000,28.0756,-0.020569,0.027573,-0.017718
32900,355,0.7718,-10.0000,5.4366,10.0000,28.1211,-0.095613,0.029536,-0.012978
33000,358,0.7598,-10.0000,5.1955,10.0000,27.9553,0.383092,2.260630,-0.014301
33100,353,0.7790,-10.0000,5.5807,10.0000,28.3088,-0.427837,0.092664,-0.014608
33200,367,0.7057,-10.0000,4.1144,10.0000,27.2698,0.228490,1.863062,-0.017414
33300,367,0.7248,-10.0000,4.4959,10.0000,27.2207,-0.287564,0.036434,-0.016230
33400,363,0.7163,-10.0000,4.3251,10.0000,27.5730,-0.196283,3.495311,-0.013951
33500,361,0.7535,-10.0000,5.0693,10.0000,27.7091,-0.141821,0.021715,-0.013657
33600,357,0.7619,-10.0000,5.2381,10.0000,27.9720,-0.302357,0.056678,-0.014027
33700,368,0.7283,-10.0000,4.5652,10.0000,27.2283,0.173530,0.208288,-0.015329
33800,364,0.7555,-10.0000,5.1099,10.0000,27.4725,0.224886,0.084463,-0.014201
33900,360,0.7528,-10.0000,5.0556,10.0000,27.7139,0.576742,0.032028,-0.015890
34000,368,0.7092,-10.0000,4.1848,10.0000,27.2391,0.313862,1.953315,-0.014393
34100,376,0.6755,-10.0000,3.5106,10.0000,26.5399,0.121316,2.459733,-0.013686
34200,355,0.7606,-10.0000,5.2113,10.0000,28.1887,0.259965,2.112447,-0.014516
34300,376,0.6755,-10.0000,3.5106,10.0000,26.6197,0.367248,1.981890,-0.016567
34400,372,0.6909,-10.0000,3.8172,10.0000,26.8522,0.175145,0.082662,-0.016854
34500,371,0.6954,-10.0000,3.9084,10.0000,26.9434,-0.007468,2.170854,-0.015635
34600,374,0.6952,-10.0000,3.9037,10.0000,26.7781,0.074413,0.076927,-0.015824
34700,375,0.6773,-10.0000,3.5467,10.0000,26.6453,0.130398,0.055003,-0.014696
34800,356,0.7472,-10.0000,4.9438,10.0000,28.0983,0.028802,2.293246,-0.014999
34900,367,0.7003,-10.0000,4.0054,10.0000,27.2534,0.128462,1.497850,-0.015014
35000,364,0.7253,-10.0000,4.5055,10.0000,27.4423,-0.287109,0.036263,-0.012726
35100,365,0.7151,-10.0000,4.3014,10.0000,27.4164,-0.069628,2.927712,-0.013861
35200,367,0.6975,-10.0000,3.9510,10.0000,27.2670,0.085462,2.060911,-0.012670
